06;Alpes-Maritimes;083;Menton;0001;433;264;60,97;169;39,03;1;0,23;0,59;6;1,39;3,55;162;37,41;95,86;1;LA FRANCE INSOUMISE;LA FRANCE INSOUMISE;AUBRY Manon;5;1,15;3,09;2;UNE FRANCE ROYALE;UNE FRANCE ROYALE AU COEUR DE L'EUROPE;DE PREVOISIN Robert;0;0,00;0,00;3;LA LIGNE CLAIRE;LA LIGNE CLAIRE;CAMUS Renaud;0;0,00;0,00;4;PARTI PIRATE;PARTI PIRATE;MARIE Florie;0;0,00;0,00;5;RENAISSANCE;RENAISSANCE SOUTENUE PAR LA RÉPUBLIQUE EN MARCHE, LE MODEM ET SES PARTENAIRES;LOISEAU Nathalie;32;7,39;19,75;6;DÉMOCRATIE REPRÉSENTATIVE;DÉMOCRATIE REPRÉSENTATIVE;TRAORÉ Hamada;0;0,00;0,00;7;ENSEMBLE PATRIOTES;ENSEMBLE PATRIOTES ET GILETS JAUNES : POUR LA FRANCE, SORTONS DE L'UNION EUROPÉENNE !;PHILIPPOT Florian;1;0,23;0,62;8;PACE;PACE - PARTI DES CITOYENS EUROPÉENS;ALEXANDRE Audric;0;0,00;0,00;9;URGENCE ÉCOLOGIE;URGENCE ÉCOLOGIE;BOURG Dominique;0;0,00;0,00;10;LISTE DE LA RECONQUÊTE;LISTE DE LA RECONQUÊTE;VAUCLIN Vincent;0;0,00;0,00;11;LES EUROPÉENS;LES EUROPÉENS;LAGARDE Jean-Christophe;3;0,69;1,85;12;ENVIE D'EUROPE;ENVIE D'EUROPE ÉCOLOGIQUE ET SOCIALE;GLUCKSMANN Raphaël;5;1,15;3,09;13;PARTI FED. EUROPÉEN;PARTI FÉDÉRALISTE EUROPÉEN - POUR UNE EUROPE QUI PROTÈGE SES CITOYENS;GERNIGON Yves;0;0,00;0,00;14;INITIATIVE CITOYENNE;MOUVEMENT POUR L'INITIATIVE CITOYENNE;HELGEN Gilles;0;0,00;0,00;15;DEBOUT LA FRANCE;LE COURAGE DE DÉFENDRE LES FRANÇAIS AVEC NICOLAS DUPONT-AIGNAN. DEBOUT LA FRANCE ! - CNIP;DUPONT-AIGNAN Nicolas;4;0,92;2,47;16;ALLONS ENFANTS;ALLONS ENFANTS;CAILLAUD Sophie;0;0,00;0,00;17;DÉCROISSANCE 2019;DÉCROISSANCE 2019;DELFEL Thérèse;0;0,00;0,00;18;LUTTE OUVRIÈRE;LUTTE OUVRIÈRE - CONTRE LE GRAND CAPITAL, LE CAMP DES TRAVAILLEURS;ARTHAUD Nathalie;0;0,00;0,00;19;POUR L'EUROPE DES GENS;POUR L'EUROPE DES GENS CONTRE L'EUROPE DE L'ARGENT;BROSSAT Ian;2;0,46;1,23;20;ENSEMBLE POUR LE FREXIT;ENSEMBLE POUR LE FREXIT;ASSELINEAU François;5;1,15;3,09;21;LISTE CITOYENNE;LISTE CITOYENNE DU PRINTEMPS EUROPÉEN AVEC BENOÎT HAMON SOUTENUE PAR GÉNÉRATION.S ET DÈME-DIEM 25;HAMON Benoît;8;1,85;4,94;22;À VOIX ÉGALES;À VOIX ÉGALES;TOMASINI Nathalie;0;0,00;0,00;23;PRENEZ LE POUVOIR;PRENEZ LE POUVOIR, LISTE SOUTENUE PAR MARINE LE PEN;BARDELLA Jordan;45;10,39;27,78;24;NEUTRE ET ACTIF;NEUTRE ET ACTIF;CORBET Cathy Denise Ginette;0;0,00;0,00;25;RÉVOLUTIONNAIRE;PARTI RÉVOLUTIONNAIRE COMMUNISTES;SANCHEZ Antonio;0;0,00;0,00;26;ESPERANTO;ESPÉRANTO - LANGUE COMMUNE ÉQUITABLE POUR L'EUROPE;DIEUMEGARD Pierre;0;0,00;0,00;27;ÉVOLUTION CITOYENNE;ÉVOLUTION CITOYENNE;CHALENÇON Christophe;0;0,00;0,00;28;ALLIANCE JAUNE;ALLIANCE JAUNE, LA RÉVOLTE PAR LE VOTE;LALANNE Francis;2;0,46;1,23;29;UNION DROITE-CENTRE;UNION DE LA DROITE ET DU CENTRE;BELLAMY François-Xavier;28;6,47;17,28;30;EUROPE ÉCOLOGIE;EUROPE ÉCOLOGIE;JADOT Yannick;15;3,46;9,26;31;PARTI ANIMALISTE;PARTI ANIMALISTE;THOUY Hélène;6;1,39;3,70;32;LES OUBLIES DE L'EUROPE;LES OUBLIÉS DE L'EUROPE - ARTISANS, COMMERÇANTS, PROFESSIONS LIBÉRALES ET INDÉPENDANTS - ACPLI -;BIDOU Olivier;1;0,23;0,62;33;UDLEF;UDLEF (UNION DÉMOCRATIQUE POUR LA LIBERTÉ ÉGALITÉ FRATERNITÉ);PERSON Christian Luc;0;0,00;0,00;34;EUROPE AU SERVICE PEUPLES;UNE EUROPE AU SERVICE DES PEUPLES;AZERGUI Nagib;0;0,00;0,00
06;Alpes-Maritimes;083;Menton;0002;796;365;45,85;431;54,15;6;0,75;1,39;7;0,88;1,62;418;52,51;96,98;1;LA FRANCE INSOUMISE;LA FRANCE INSOUMISE;AUBRY Manon;7;0,88;1,67;2;UNE FRANCE ROYALE;UNE FRANCE ROYALE AU COEUR DE L'EUROPE;DE PREVOISIN Robert;0;0,00;0,00;3;LA LIGNE CLAIRE;LA LIGNE CLAIRE;CAMUS Renaud;0;0,00;0,00;4;PARTI PIRATE;PARTI PIRATE;MARIE Florie;0;0,00;0,00;5;RENAISSANCE;RENAISSANCE SOUTENUE PAR LA RÉPUBLIQUE EN MARCHE, LE MODEM ET SES PARTENAIRES;LOISEAU Nathalie;100;12,56;23,92;6;DÉMOCRATIE REPRÉSENTATIVE;DÉMOCRATIE REPRÉSENTATIVE;TRAORÉ Hamada;0;0,00;0,00;7;ENSEMBLE PATRIOTES;ENSEMBLE PATRIOTES ET GILETS JAUNES : POUR LA FRANCE, SORTONS DE L'UNION EUROPÉENNE !;PHILIPPOT Florian;5;0,63;1,20;8;PACE;PACE - PARTI DES CITOYENS EUROPÉENS;ALEXANDRE Audric;0;0,00;0,00;9;URGENCE ÉCOLOGIE;URGENCE ÉCOLOGIE;BOURG Dominique;6;0,75;1,44;10;LISTE DE LA RECONQUÊTE;LISTE DE LA RECONQUÊTE;VAUCLIN Vincent;0;0,00;0,00;11;LES EUROPÉENS;LES EUROPÉENS;LAGARDE Jean-Christophe;13;1,63;3,11;12;ENVIE D'EUROPE;ENVIE D'EUROPE ÉCOLOGIQUE ET SOCIALE;GLUCKSMANN Raphaël;14;1,76;3,35;13;PARTI FED. EUROPÉEN;PARTI FÉDÉRALISTE EUROPÉEN - POUR UNE EUROPE QUI PROTÈGE SES CITOYENS;GERNIGON Yves;0;0,00;0,00;14;INITIATIVE CITOYENNE;MOUVEMENT POUR L'INITIATIVE CITOYENNE;HELGEN Gilles;0;0,00;0,00;15;DEBOUT LA FRANCE;LE COURAGE DE DÉFENDRE LES FRANÇAIS AVEC NICOLAS DUPONT-AIGNAN. DEBOUT LA FRANCE ! - CNIP;DUPONT-AIGNAN Nicolas;17;2,14;4,07;16;ALLONS ENFANTS;ALLONS ENFANTS;CAILLAUD Sophie;0;0,00;0,00;17;DÉCROISSANCE 2019;DÉCROISSANCE 2019;DELFEL Thérèse;0;0,00;0,00;18;LUTTE OUVRIÈRE;LUTTE OUVRIÈRE - CONTRE LE GRAND CAPITAL, LE CAMP DES TRAVAILLEURS;ARTHAUD Nathalie;1;0,13;0,24;19;POUR L'EUROPE DES GENS;POUR L'EUROPE DES GENS CONTRE L'EUROPE DE L'ARGENT;BROSSAT Ian;7;0,88;1,67;20;ENSEMBLE POUR LE FREXIT;ENSEMBLE POUR LE FREXIT;ASSELINEAU François;7;0,88;1,67;21;LISTE CITOYENNE;LISTE CITOYENNE DU PRINTEMPS EUROPÉEN AVEC BENOÎT HAMON SOUTENUE PAR GÉNÉRATION.S ET DÈME-DIEM 25;HAMON Benoît;1;0,13;0,24;22;À VOIX ÉGALES;À VOIX ÉGALES;TOMASINI Nathalie;0;0,00;0,00;23;PRENEZ LE POUVOIR;PRENEZ LE POUVOIR, LISTE SOUTENUE PAR MARINE LE PEN;BARDELLA Jordan;126;15,83;30,14;24;NEUTRE ET ACTIF;NEUTRE ET ACTIF;CORBET Cathy Denise Ginette;0;0,00;0,00;25;RÉVOLUTIONNAIRE;PARTI RÉVOLUTIONNAIRE COMMUNISTES;SANCHEZ Antonio;0;0,00;0,00;26;ESPERANTO;ESPÉRANTO - LANGUE COMMUNE ÉQUITABLE POUR L'EUROPE;DIEUMEGARD Pierre;1;0,13;0,24;27;ÉVOLUTION CITOYENNE;ÉVOLUTION CITOYENNE;CHALENÇON Christophe;0;0,00;0,00;28;ALLIANCE JAUNE;ALLIANCE JAUNE, LA RÉVOLTE PAR LE VOTE;LALANNE Francis;3;0,38;0,72;29;UNION DROITE-CENTRE;UNION DE LA DROITE ET DU CENTRE;BELLAMY François-Xavier;56;7,04;13,40;30;EUROPE ÉCOLOGIE;EUROPE ÉCOLOGIE;JADOT Yannick;38;4,77;9,09;31;PARTI ANIMALISTE;PARTI ANIMALISTE;THOUY Hélène;15;1,88;3,59;32;LES OUBLIES DE L'EUROPE;LES OUBLIÉS DE L'EUROPE - ARTISANS, COMMERÇANTS, PROFESSIONS LIBÉRALES ET INDÉPENDANTS - ACPLI -;BIDOU Olivier;1;0,13;0,24;33;UDLEF;UDLEF (UNION DÉMOCRATIQUE POUR LA LIBERTÉ ÉGALITÉ FRATERNITÉ);PERSON Christian Luc;0;0,00;0,00;34;EUROPE AU SERVICE PEUPLES;UNE EUROPE AU SERVICE DES PEUPLES;AZERGUI Nagib;0;0,00;0,00
06;Alpes-Maritimes;083;Menton;0003;476;202;42,44;274;57,56;6;1,26;2,19;13;2,73;4,74;255;53,57;93,07;1;LA FRANCE INSOUMISE;LA FRANCE INSOUMISE;AUBRY Manon;9;1,89;3,53;2;UNE FRANCE ROYALE;UNE FRANCE ROYALE AU COEUR DE L'EUROPE;DE PREVOISIN Robert;0;0,00;0,00;3;LA LIGNE CLAIRE;LA LIGNE CLAIRE;CAMUS Renaud;0;0,00;0,00;4;PARTI PIRATE;PARTI PIRATE;MARIE Florie;0;0,00;0,00;5;RENAISSANCE;RENAISSANCE SOUTENUE PAR LA RÉPUBLIQUE EN MARCHE, LE MODEM ET SES PARTENAIRES;LOISEAU Nathalie;52;10,92;20,39;6;DÉMOCRATIE REPRÉSENTATIVE;DÉMOCRATIE REPRÉSENTATIVE;TRAORÉ Hamada;0;0,00;0,00;7;ENSEMBLE PATRIOTES;ENSEMBLE PATRIOTES ET GILETS JAUNES : POUR LA FRANCE, SORTONS DE L'UNION EUROPÉENNE !;PHILIPPOT Florian;3;0,63;1,18;8;PACE;PACE - PARTI DES CITOYENS EUROPÉENS;ALEXANDRE Audric;0;0,00;0,00;9;URGENCE ÉCOLOGIE;URGENCE ÉCOLOGIE;BOURG Dominique;3;0,63;1,18;10;LISTE DE LA RECONQUÊTE;LISTE DE LA RECONQUÊTE;VAUCLIN Vincent;0;0,00;0,00;11;LES EUROPÉENS;LES EUROPÉENS;LAGARDE Jean-Christophe;7;1,47;2,75;12;ENVIE D'EUROPE;ENVIE D'EUROPE ÉCOLOGIQUE ET SOCIALE;GLUCKSMANN Raphaël;10;2,10;3,92;13;PARTI FED. EUROPÉEN;PARTI FÉDÉRALISTE EUROPÉEN - POUR UNE EUROPE QUI PROTÈGE SES CITOYENS;GERNIGON Yves;0;0,00;0,00;14;INITIATIVE CITOYENNE;MOUVEMENT POUR L'INITIATIVE CITOYENNE;HELGEN Gilles;0;0,00;0,00;15;DEBOUT LA FRANCE;LE COURAGE DE DÉFENDRE LES FRANÇAIS AVEC NICOLAS DUPONT-AIGNAN. DEBOUT LA FRANCE ! - CNIP;DUPONT-AIGNAN Nicolas;5;1,05;1,96;16;ALLONS ENFANTS;ALLONS ENFANTS;CAILLAUD Sophie;0;0,00;0,00;17;DÉCROISSANCE 2019;DÉCROISSANCE 2019;DELFEL Thérèse;0;0,00;0,00;18;LUTTE OUVRIÈRE;LUTTE OUVRIÈRE - CONTRE LE GRAND CAPITAL, LE CAMP DES TRAVAILLEURS;ARTHAUD Nathalie;1;0,21;0,39;19;POUR L'EUROPE DES GENS;POUR L'EUROPE DES GENS CONTRE L'EUROPE DE L'ARGENT;BROSSAT Ian;5;1,05;1,96;20;ENSEMBLE POUR LE FREXIT;ENSEMBLE POUR LE FREXIT;ASSELINEAU François;6;1,26;2,35;21;LISTE CITOYENNE;LISTE CITOYENNE DU PRINTEMPS EUROPÉEN AVEC BENOÎT HAMON SOUTENUE PAR GÉNÉRATION.S ET DÈME-DIEM 25;HAMON Benoît;3;0,63;1,18;22;À VOIX ÉGALES;À VOIX ÉGALES;TOMASINI Nathalie;0;0,00;0,00;23;PRENEZ LE POUVOIR;PRENEZ LE POUVOIR, LISTE SOUTENUE PAR MARINE LE PEN;BARDELLA Jordan;87;18,28;34,12;24;NEUTRE ET ACTIF;NEUTRE ET ACTIF;CORBET Cathy Denise Ginette;0;0,00;0,00;25;RÉVOLUTIONNAIRE;PARTI RÉVOLUTIONNAIRE COMMUNISTES;SANCHEZ Antonio;0;0,00;0,00;26;ESPERANTO;ESPÉRANTO - LANGUE COMMUNE ÉQUITABLE POUR L'EUROPE;DIEUMEGARD Pierre;0;0,00;0,00;27;ÉVOLUTION CITOYENNE;ÉVOLUTION CITOYENNE;CHALENÇON Christophe;0;0,00;0,00;28;ALLIANCE JAUNE;ALLIANCE JAUNE, LA RÉVOLTE PAR LE VOTE;LALANNE Francis;0;0,00;0,00;29;UNION DROITE-CENTRE;UNION DE LA DROITE ET DU CENTRE;BELLAMY François-Xavier;37;7,77;14,51;30;EUROPE ÉCOLOGIE;EUROPE ÉCOLOGIE;JADOT Yannick;17;3,57;6,67;31;PARTI ANIMALISTE;PARTI ANIMALISTE;THOUY Hélène;7;1,47;2,75;32;LES OUBLIES DE L'EUROPE;LES OUBLIÉS DE L'EUROPE - ARTISANS, COMMERÇANTS, PROFESSIONS LIBÉRALES ET INDÉPENDANTS - ACPLI -;BIDOU Olivier;1;0,21;0,39;33;UDLEF;UDLEF (UNION DÉMOCRATIQUE POUR LA LIBERTÉ ÉGALITÉ FRATERNITÉ);PERSON Christian Luc;0;0,00;0,00;34;EUROPE AU SERVICE PEUPLES;UNE EUROPE AU SERVICE DES PEUPLES;AZERGUI Nagib;2;0,42;0,78
06;Alpes-Maritimes;083;Menton;0004;686;338;49,27;348;50,73;5;0,73;1,44;6;0,87;1,72;337;49,13;96,84;1;LA FRANCE INSOUMISE;LA FRANCE INSOUMISE;AUBRY Manon;8;1,17;2,37;2;UNE FRANCE ROYALE;UNE FRANCE ROYALE AU COEUR DE L'EUROPE;DE PREVOISIN Robert;0;0,00;0,00;3;LA LIGNE CLAIRE;LA LIGNE CLAIRE;CAMUS Renaud;0;0,00;0,00;4;PARTI PIRATE;PARTI PIRATE;MARIE Florie;0;0,00;0,00;5;RENAISSANCE;RENAISSANCE SOUTENUE PAR LA RÉPUBLIQUE EN MARCHE, LE MODEM ET SES PARTENAIRES;LOISEAU Nathalie;55;8,02;16,32;6;DÉMOCRATIE REPRÉSENTATIVE;DÉMOCRATIE REPRÉSENTATIVE;TRAORÉ Hamada;0;0,00;0,00;7;ENSEMBLE PATRIOTES;ENSEMBLE PATRIOTES ET GILETS JAUNES : POUR LA FRANCE, SORTONS DE L'UNION EUROPÉENNE !;PHILIPPOT Florian;2;0,29;0,59;8;PACE;PACE - PARTI DES CITOYENS EUROPÉENS;ALEXANDRE Audric;0;0,00;0,00;9;URGENCE ÉCOLOGIE;URGENCE ÉCOLOGIE;BOURG Dominique;6;0,87;1,78;10;LISTE DE LA RECONQUÊTE;LISTE DE LA RECONQUÊTE;VAUCLIN Vincent;0;0,00;0,00;11;LES EUROPÉENS;LES EUROPÉENS;LAGARDE Jean-Christophe;5;0,73;1,48;12;ENVIE D'EUROPE;ENVIE D'EUROPE ÉCOLOGIQUE ET SOCIALE;GLUCKSMANN Raphaël;19;2,77;5,64;13;PARTI FED. EUROPÉEN;PARTI FÉDÉRALISTE EUROPÉEN - POUR UNE EUROPE QUI PROTÈGE SES CITOYENS;GERNIGON Yves;0;0,00;0,00;14;INITIATIVE CITOYENNE;MOUVEMENT POUR L'INITIATIVE CITOYENNE;HELGEN Gilles;0;0,00;0,00;15;DEBOUT LA FRANCE;LE COURAGE DE DÉFENDRE LES FRANÇAIS AVEC NICOLAS DUPONT-AIGNAN. DEBOUT LA FRANCE ! - CNIP;DUPONT-AIGNAN Nicolas;11;1,60;3,26;16;ALLONS ENFANTS;ALLONS ENFANTS;CAILLAUD Sophie;0;0,00;0,00;17;DÉCROISSANCE 2019;DÉCROISSANCE 2019;DELFEL Thérèse;0;0,00;0,00;18;LUTTE OUVRIÈRE;LUTTE OUVRIÈRE - CONTRE LE GRAND CAPITAL, LE CAMP DES TRAVAILLEURS;ARTHAUD Nathalie;2;0,29;0,59;19;POUR L'EUROPE DES GENS;POUR L'EUROPE DES GENS CONTRE L'EUROPE DE L'ARGENT;BROSSAT Ian;7;1,02;2,08;20;ENSEMBLE POUR LE FREXIT;ENSEMBLE POUR LE FREXIT;ASSELINEAU François;7;1,02;2,08;21;LISTE CITOYENNE;LISTE CITOYENNE DU PRINTEMPS EUROPÉEN AVEC BENOÎT HAMON SOUTENUE PAR GÉNÉRATION.S ET DÈME-DIEM 25;HAMON Benoît;6;0,87;1,78;22;À VOIX ÉGALES;À VOIX ÉGALES;TOMASINI Nathalie;0;0,00;0,00;23;PRENEZ LE POUVOIR;PRENEZ LE POUVOIR, LISTE SOUTENUE PAR MARINE LE PEN;BARDELLA Jordan;101;14,72;29,97;24;NEUTRE ET ACTIF;NEUTRE ET ACTIF;CORBET Cathy Denise Ginette;0;0,00;0,00;25;RÉVOLUTIONNAIRE;PARTI RÉVOLUTIONNAIRE COMMUNISTES;SANCHEZ Antonio;0;0,00;0,00;26;ESPERANTO;ESPÉRANTO - LANGUE COMMUNE ÉQUITABLE POUR L'EUROPE;DIEUMEGARD Pierre;0;0,00;0,00;27;ÉVOLUTION CITOYENNE;ÉVOLUTION CITOYENNE;CHALENÇON Christophe;0;0,00;0,00;28;ALLIANCE JAUNE;ALLIANCE JAUNE, LA RÉVOLTE PAR LE VOTE;LALANNE Francis;2;0,29;0,59;29;UNION DROITE-CENTRE;UNION DE LA DROITE ET DU CENTRE;BELLAMY François-Xavier;27;3,94;8,01;30;EUROPE ÉCOLOGIE;EUROPE ÉCOLOGIE;JADOT Yannick;50;7,29;14,84;31;PARTI ANIMALISTE;PARTI ANIMALISTE;THOUY Hélène;29;4,23;8,61;32;LES OUBLIES DE L'EUROPE;LES OUBLIÉS DE L'EUROPE - ARTISANS, COMMERÇANTS, PROFESSIONS LIBÉRALES ET INDÉPENDANTS - ACPLI -;BIDOU Olivier;0;0,00;0,00;33;UDLEF;UDLEF (UNION DÉMOCRATIQUE POUR LA LIBERTÉ ÉGALITÉ FRATERNITÉ);PERSON Christian Luc;0;0,00;0,00;34;EUROPE AU SERVICE PEUPLES;UNE EUROPE AU SERVICE DES PEUPLES;AZERGUI Nagib;0;0,00;0,00
06;Alpes-Maritimes;083;Menton;0005;868;426;49,08;442;50,92;7;0,81;1,58;9;1,04;2,04;426;49,08;96,38;1;LA FRANCE INSOUMISE;LA FRANCE INSOUMISE;AUBRY Manon;24;2,76;5,63;2;UNE FRANCE ROYALE;UNE FRANCE ROYALE AU COEUR DE L'EUROPE;DE PREVOISIN Robert;0;0,00;0,00;3;LA LIGNE CLAIRE;LA LIGNE CLAIRE;CAMUS Renaud;0;0,00;0,00;4;PARTI PIRATE;PARTI PIRATE;MARIE Florie;0;0,00;0,00;5;RENAISSANCE;RENAISSANCE SOUTENUE PAR LA RÉPUBLIQUE EN MARCHE, LE MODEM ET SES PARTENAIRES;LOISEAU Nathalie;99;11,41;23,24;6;DÉMOCRATIE REPRÉSENTATIVE;DÉMOCRATIE REPRÉSENTATIVE;TRAORÉ Hamada;0;0,00;0,00;7;ENSEMBLE PATRIOTES;ENSEMBLE PATRIOTES ET GILETS JAUNES : POUR LA FRANCE, SORTONS DE L'UNION EUROPÉENNE !;PHILIPPOT Florian;1;0,12;0,23;8;PACE;PACE - PARTI DES CITOYENS EUROPÉENS;ALEXANDRE Audric;0;0,00;0,00;9;URGENCE ÉCOLOGIE;URGENCE ÉCOLOGIE;BOURG Dominique;1;0,12;0,23;10;LISTE DE LA RECONQUÊTE;LISTE DE LA RECONQUÊTE;VAUCLIN Vincent;0;0,00;0,00;11;LES EUROPÉENS;LES EUROPÉENS;LAGARDE Jean-Christophe;13;1,50;3,05;12;ENVIE D'EUROPE;ENVIE D'EUROPE ÉCOLOGIQUE ET SOCIALE;GLUCKSMANN Raphaël;14;1,61;3,29;13;PARTI FED. EUROPÉEN;PARTI FÉDÉRALISTE EUROPÉEN - POUR UNE EUROPE QUI PROTÈGE SES CITOYENS;GERNIGON Yves;0;0,00;0,00;14;INITIATIVE CITOYENNE;MOUVEMENT POUR L'INITIATIVE CITOYENNE;HELGEN Gilles;0;0,00;0,00;15;DEBOUT LA FRANCE;LE COURAGE DE DÉFENDRE LES FRANÇAIS AVEC NICOLAS DUPONT-AIGNAN. DEBOUT LA FRANCE ! - CNIP;DUPONT-AIGNAN Nicolas;15;1,73;3,52;16;ALLONS ENFANTS;ALLONS ENFANTS;CAILLAUD Sophie;0;0,00;0,00;17;DÉCROISSANCE 2019;DÉCROISSANCE 2019;DELFEL Thérèse;0;0,00;0,00;18;LUTTE OUVRIÈRE;LUTTE OUVRIÈRE - CONTRE LE GRAND CAPITAL, LE CAMP DES TRAVAILLEURS;ARTHAUD Nathalie;5;0,58;1,17;19;POUR L'EUROPE DES GENS;POUR L'EUROPE DES GENS CONTRE L'EUROPE DE L'ARGENT;BROSSAT Ian;5;0,58;1,17;20;ENSEMBLE POUR LE FREXIT;ENSEMBLE POUR LE FREXIT;ASSELINEAU François;5;0,58;1,17;21;LISTE CITOYENNE;LISTE CITOYENNE DU PRINTEMPS EUROPÉEN AVEC BENOÎT HAMON SOUTENUE PAR GÉNÉRATION.S ET DÈME-DIEM 25;HAMON Benoît;3;0,35;0,70;22;À VOIX ÉGALES;À VOIX ÉGALES;TOMASINI Nathalie;0;0,00;0,00;23;PRENEZ LE POUVOIR;PRENEZ LE POUVOIR, LISTE SOUTENUE PAR MARINE LE PEN;BARDELLA Jordan;125;14,40;29,34;24;NEUTRE ET ACTIF;NEUTRE ET ACTIF;CORBET Cathy Denise Ginette;0;0,00;0,00;25;RÉVOLUTIONNAIRE;PARTI RÉVOLUTIONNAIRE COMMUNISTES;SANCHEZ Antonio;0;0,00;0,00;26;ESPERANTO;ESPÉRANTO - LANGUE COMMUNE ÉQUITABLE POUR L'EUROPE;DIEUMEGARD Pierre;0;0,00;0,00;27;ÉVOLUTION CITOYENNE;ÉVOLUTION CITOYENNE;CHALENÇON Christophe;0;0,00;0,00;28;ALLIANCE JAUNE;ALLIANCE JAUNE, LA RÉVOLTE PAR LE VOTE;LALANNE Francis;3;0,35;0,70;29;UNION DROITE-CENTRE;UNION DE LA DROITE ET DU CENTRE;BELLAMY François-Xavier;67;7,72;15,73;30;EUROPE ÉCOLOGIE;EUROPE ÉCOLOGIE;JADOT Yannick;38;4,38;8,92;31;PARTI ANIMALISTE;PARTI ANIMALISTE;THOUY Hélène;8;0,92;1,88;32;LES OUBLIES DE L'EUROPE;LES OUBLIÉS DE L'EUROPE - ARTISANS, COMMERÇANTS, PROFESSIONS LIBÉRALES ET INDÉPENDANTS - ACPLI -;BIDOU Olivier;0;0,00;0,00;33;UDLEF;UDLEF (UNION DÉMOCRATIQUE POUR LA LIBERTÉ ÉGALITÉ FRATERNITÉ);PERSON Christian Luc;0;0,00;0,00;34;EUROPE AU SERVICE PEUPLES;UNE EUROPE AU SERVICE DES PEUPLES;AZERGUI Nagib;0;0,00;0,00
06;Alpes-Maritimes;083;Menton;0006;780;402;51,54;378;48,46;3;0,38;0,79;5;0,64;1,32;370;47,44;97,88;1;LA FRANCE INSOUMISE;LA FRANCE INSOUMISE;AUBRY Manon;14;1,79;3,78;2;UNE FRANCE ROYALE;UNE FRANCE ROYALE AU COEUR DE L'EUROPE;DE PREVOISIN Robert;0;0,00;0,00;3;LA LIGNE CLAIRE;LA LIGNE CLAIRE;CAMUS Renaud;0;0,00;0,00;4;PARTI PIRATE;PARTI PIRATE;MARIE Florie;0;0,00;0,00;5;RENAISSANCE;RENAISSANCE SOUTENUE PAR LA RÉPUBLIQUE EN MARCHE, LE MODEM ET SES PARTENAIRES;LOISEAU Nathalie;83;10,64;22,43;6;DÉMOCRATIE REPRÉSENTATIVE;DÉMOCRATIE REPRÉSENTATIVE;TRAORÉ Hamada;0;0,00;0,00;7;ENSEMBLE PATRIOTES;ENSEMBLE PATRIOTES ET GILETS JAUNES : POUR LA FRANCE, SORTONS DE L'UNION EUROPÉENNE !;PHILIPPOT Florian;4;0,51;1,08;8;PACE;PACE - PARTI DES CITOYENS EUROPÉENS;ALEXANDRE Audric;0;0,00;0,00;9;URGENCE ÉCOLOGIE;URGENCE ÉCOLOGIE;BOURG Dominique;4;0,51;1,08;10;LISTE DE LA RECONQUÊTE;LISTE DE LA RECONQUÊTE;VAUCLIN Vincent;0;0,00;0,00;11;LES EUROPÉENS;LES EUROPÉENS;LAGARDE Jean-Christophe;17;2,18;4,59;12;ENVIE D'EUROPE;ENVIE D'EUROPE ÉCOLOGIQUE ET SOCIALE;GLUCKSMANN Raphaël;14;1,79;3,78;13;PARTI FED. EUROPÉEN;PARTI FÉDÉRALISTE EUROPÉEN - POUR UNE EUROPE QUI PROTÈGE SES CITOYENS;GERNIGON Yves;0;0,00;0,00;14;INITIATIVE CITOYENNE;MOUVEMENT POUR L'INITIATIVE CITOYENNE;HELGEN Gilles;0;0,00;0,00;15;DEBOUT LA FRANCE;LE COURAGE DE DÉFENDRE LES FRANÇAIS AVEC NICOLAS DUPONT-AIGNAN. DEBOUT LA FRANCE ! - CNIP;DUPONT-AIGNAN Nicolas;17;2,18;4,59;16;ALLONS ENFANTS;ALLONS ENFANTS;CAILLAUD Sophie;0;0,00;0,00;17;DÉCROISSANCE 2019;DÉCROISSANCE 2019;DELFEL Thérèse;0;0,00;0,00;18;LUTTE OUVRIÈRE;LUTTE OUVRIÈRE - CONTRE LE GRAND CAPITAL, LE CAMP DES TRAVAILLEURS;ARTHAUD Nathalie;1;0,13;0,27;19;POUR L'EUROPE DES GENS;POUR L'EUROPE DES GENS CONTRE L'EUROPE DE L'ARGENT;BROSSAT Ian;7;0,90;1,89;20;ENSEMBLE POUR LE FREXIT;ENSEMBLE POUR LE FREXIT;ASSELINEAU François;0;0,00;0,00;21;LISTE CITOYENNE;LISTE CITOYENNE DU PRINTEMPS EUROPÉEN AVEC BENOÎT HAMON SOUTENUE PAR GÉNÉRATION.S ET DÈME-DIEM 25;HAMON Benoît;5;0,64;1,35;22;À VOIX ÉGALES;À VOIX ÉGALES;TOMASINI Nathalie;0;0,00;0,00;23;PRENEZ LE POUVOIR;PRENEZ LE POUVOIR, LISTE SOUTENUE PAR MARINE LE PEN;BARDELLA Jordan;107;13,72;28,92;24;NEUTRE ET ACTIF;NEUTRE ET ACTIF;CORBET Cathy Denise Ginette;0;0,00;0,00;25;RÉVOLUTIONNAIRE;PARTI RÉVOLUTIONNAIRE COMMUNISTES;SANCHEZ Antonio;0;0,00;0,00;26;ESPERANTO;ESPÉRANTO - LANGUE COMMUNE ÉQUITABLE POUR L'EUROPE;DIEUMEGARD Pierre;0;0,00;0,00;27;ÉVOLUTION CITOYENNE;ÉVOLUTION CITOYENNE;CHALENÇON Christophe;0;0,00;0,00;28;ALLIANCE JAUNE;ALLIANCE JAUNE, LA RÉVOLTE PAR LE VOTE;LALANNE Francis;1;0,13;0,27;29;UNION DROITE-CENTRE;UNION DE LA DROITE ET DU CENTRE;BELLAMY François-Xavier;62;7,95;16,76;30;EUROPE ÉCOLOGIE;EUROPE ÉCOLOGIE;JADOT Yannick;22;2,82;5,95;31;PARTI ANIMALISTE;PARTI ANIMALISTE;THOUY Hélène;11;1,41;2,97;32;LES OUBLIES DE L'EUROPE;LES OUBLIÉS DE L'EUROPE - ARTISANS, COMMERÇANTS, PROFESSIONS LIBÉRALES ET INDÉPENDANTS - ACPLI -;BIDOU Olivier;1;0,13;0,27;33;UDLEF;UDLEF (UNION DÉMOCRATIQUE POUR LA LIBERTÉ ÉGALITÉ FRATERNITÉ);PERSON Christian Luc;0;0,00;0,00;34;EUROPE AU SERVICE PEUPLES;UNE EUROPE AU SERVICE DES PEUPLES;AZERGUI Nagib;0;0,00;0,00
06;Alpes-Maritimes;083;Menton;0007;716;312;43,58;404;56,42;5;0,70;1,24;4;0,56;0,99;395;55,17;97,77;1;LA FRANCE INSOUMISE;LA FRANCE INSOUMISE;AUBRY Manon;8;1,12;2,03;2;UNE FRANCE ROYALE;UNE FRANCE ROYALE AU COEUR DE L'EUROPE;DE PREVOISIN Robert;0;0,00;0,00;3;LA LIGNE CLAIRE;LA LIGNE CLAIRE;CAMUS Renaud;0;0,00;0,00;4;PARTI PIRATE;PARTI PIRATE;MARIE Florie;1;0,14;0,25;5;RENAISSANCE;RENAISSANCE SOUTENUE PAR LA RÉPUBLIQUE EN MARCHE, LE MODEM ET SES PARTENAIRES;LOISEAU Nathalie;96;13,41;24,30;6;DÉMOCRATIE REPRÉSENTATIVE;DÉMOCRATIE REPRÉSENTATIVE;TRAORÉ Hamada;0;0,00;0,00;7;ENSEMBLE PATRIOTES;ENSEMBLE PATRIOTES ET GILETS JAUNES : POUR LA FRANCE, SORTONS DE L'UNION EUROPÉENNE !;PHILIPPOT Florian;2;0,28;0,51;8;PACE;PACE - PARTI DES CITOYENS EUROPÉENS;ALEXANDRE Audric;0;0,00;0,00;9;URGENCE ÉCOLOGIE;URGENCE ÉCOLOGIE;BOURG Dominique;8;1,12;2,03;10;LISTE DE LA RECONQUÊTE;LISTE DE LA RECONQUÊTE;VAUCLIN Vincent;0;0,00;0,00;11;LES EUROPÉENS;LES EUROPÉENS;LAGARDE Jean-Christophe;9;1,26;2,28;12;ENVIE D'EUROPE;ENVIE D'EUROPE ÉCOLOGIQUE ET SOCIALE;GLUCKSMANN Raphaël;18;2,51;4,56;13;PARTI FED. EUROPÉEN;PARTI FÉDÉRALISTE EUROPÉEN - POUR UNE EUROPE QUI PROTÈGE SES CITOYENS;GERNIGON Yves;1;0,14;0,25;14;INITIATIVE CITOYENNE;MOUVEMENT POUR L'INITIATIVE CITOYENNE;HELGEN Gilles;0;0,00;0,00;15;DEBOUT LA FRANCE;LE COURAGE DE DÉFENDRE LES FRANÇAIS AVEC NICOLAS DUPONT-AIGNAN. DEBOUT LA FRANCE ! - CNIP;DUPONT-AIGNAN Nicolas;12;1,68;3,04;16;ALLONS ENFANTS;ALLONS ENFANTS;CAILLAUD Sophie;0;0,00;0,00;17;DÉCROISSANCE 2019;DÉCROISSANCE 2019;DELFEL Thérèse;0;0,00;0,00;18;LUTTE OUVRIÈRE;LUTTE OUVRIÈRE - CONTRE LE GRAND CAPITAL, LE CAMP DES TRAVAILLEURS;ARTHAUD Nathalie;2;0,28;0,51;19;POUR L'EUROPE DES GENS;POUR L'EUROPE DES GENS CONTRE L'EUROPE DE L'ARGENT;BROSSAT Ian;6;0,84;1,52;20;ENSEMBLE POUR LE FREXIT;ENSEMBLE POUR LE FREXIT;ASSELINEAU François;6;0,84;1,52;21;LISTE CITOYENNE;LISTE CITOYENNE DU PRINTEMPS EUROPÉEN AVEC BENOÎT HAMON SOUTENUE PAR GÉNÉRATION.S ET DÈME-DIEM 25;HAMON Benoît;3;0,42;0,76;22;À VOIX ÉGALES;À VOIX ÉGALES;TOMASINI Nathalie;0;0,00;0,00;23;PRENEZ LE POUVOIR;PRENEZ LE POUVOIR, LISTE SOUTENUE PAR MARINE LE PEN;BARDELLA Jordan;120;16,76;30,38;24;NEUTRE ET ACTIF;NEUTRE ET ACTIF;CORBET Cathy Denise Ginette;0;0,00;0,00;25;RÉVOLUTIONNAIRE;PARTI RÉVOLUTIONNAIRE COMMUNISTES;SANCHEZ Antonio;0;0,00;0,00;26;ESPERANTO;ESPÉRANTO - LANGUE COMMUNE ÉQUITABLE POUR L'EUROPE;DIEUMEGARD Pierre;0;0,00;0,00;27;ÉVOLUTION CITOYENNE;ÉVOLUTION CITOYENNE;CHALENÇON Christophe;0;0,00;0,00;28;ALLIANCE JAUNE;ALLIANCE JAUNE, LA RÉVOLTE PAR LE VOTE;LALANNE Francis;1;0,14;0,25;29;UNION DROITE-CENTRE;UNION DE LA DROITE ET DU CENTRE;BELLAMY François-Xavier;60;8,38;15,19;30;EUROPE ÉCOLOGIE;EUROPE ÉCOLOGIE;JADOT Yannick;29;4,05;7,34;31;PARTI ANIMALISTE;PARTI ANIMALISTE;THOUY Hélène;10;1,40;2,53;32;LES OUBLIES DE L'EUROPE;LES OUBLIÉS DE L'EUROPE - ARTISANS, COMMERÇANTS, PROFESSIONS LIBÉRALES ET INDÉPENDANTS - ACPLI -;BIDOU Olivier;1;0,14;0,25;33;UDLEF;UDLEF (UNION DÉMOCRATIQUE POUR LA LIBERTÉ ÉGALITÉ FRATERNITÉ);PERSON Christian Luc;0;0,00;0,00;34;EUROPE AU SERVICE PEUPLES;UNE EUROPE AU SERVICE DES PEUPLES;AZERGUI Nagib;2;0,28;0,51
06;Alpes-Maritimes;083;Menton;0008;771;356;46,17;415;53,83;11;1,43;2,65;7;0,91;1,69;397;51,49;95,66;1;LA FRANCE INSOUMISE;LA FRANCE INSOUMISE;AUBRY Manon;9;1,17;2,27;2;UNE FRANCE ROYALE;UNE FRANCE ROYALE AU COEUR DE L'EUROPE;DE PREVOISIN Robert;0;0,00;0,00;3;LA LIGNE CLAIRE;LA LIGNE CLAIRE;CAMUS Renaud;0;0,00;0,00;4;PARTI PIRATE;PARTI PIRATE;MARIE Florie;0;0,00;0,00;5;RENAISSANCE;RENAISSANCE SOUTENUE PAR LA RÉPUBLIQUE EN MARCHE, LE MODEM ET SES PARTENAIRES;LOISEAU Nathalie;105;13,62;26,45;6;DÉMOCRATIE REPRÉSENTATIVE;DÉMOCRATIE REPRÉSENTATIVE;TRAORÉ Hamada;0;0,00;0,00;7;ENSEMBLE PATRIOTES;ENSEMBLE PATRIOTES ET GILETS JAUNES : POUR LA FRANCE, SORTONS DE L'UNION EUROPÉENNE !;PHILIPPOT Florian;2;0,26;0,50;8;PACE;PACE - PARTI DES CITOYENS EUROPÉENS;ALEXANDRE Audric;0;0,00;0,00;9;URGENCE ÉCOLOGIE;URGENCE ÉCOLOGIE;BOURG Dominique;11;1,43;2,77;10;LISTE DE LA RECONQUÊTE;LISTE DE LA RECONQUÊTE;VAUCLIN Vincent;0;0,00;0,00;11;LES EUROPÉENS;LES EUROPÉENS;LAGARDE Jean-Christophe;10;1,30;2,52;12;ENVIE D'EUROPE;ENVIE D'EUROPE ÉCOLOGIQUE ET SOCIALE;GLUCKSMANN Raphaël;18;2,33;4,53;13;PARTI FED. EUROPÉEN;PARTI FÉDÉRALISTE EUROPÉEN - POUR UNE EUROPE QUI PROTÈGE SES CITOYENS;GERNIGON Yves;1;0,13;0,25;14;INITIATIVE CITOYENNE;MOUVEMENT POUR L'INITIATIVE CITOYENNE;HELGEN Gilles;0;0,00;0,00;15;DEBOUT LA FRANCE;LE COURAGE DE DÉFENDRE LES FRANÇAIS AVEC NICOLAS DUPONT-AIGNAN. DEBOUT LA FRANCE ! - CNIP;DUPONT-AIGNAN Nicolas;13;1,69;3,27;16;ALLONS ENFANTS;ALLONS ENFANTS;CAILLAUD Sophie;0;0,00;0,00;17;DÉCROISSANCE 2019;DÉCROISSANCE 2019;DELFEL Thérèse;0;0,00;0,00;18;LUTTE OUVRIÈRE;LUTTE OUVRIÈRE - CONTRE LE GRAND CAPITAL, LE CAMP DES TRAVAILLEURS;ARTHAUD Nathalie;2;0,26;0,50;19;POUR L'EUROPE DES GENS;POUR L'EUROPE DES GENS CONTRE L'EUROPE DE L'ARGENT;BROSSAT Ian;5;0,65;1,26;20;ENSEMBLE POUR LE FREXIT;ENSEMBLE POUR LE FREXIT;ASSELINEAU François;3;0,39;0,76;21;LISTE CITOYENNE;LISTE CITOYENNE DU PRINTEMPS EUROPÉEN AVEC BENOÎT HAMON SOUTENUE PAR GÉNÉRATION.S ET DÈME-DIEM 25;HAMON Benoît;19;2,46;4,79;22;À VOIX ÉGALES;À VOIX ÉGALES;TOMASINI Nathalie;0;0,00;0,00;23;PRENEZ LE POUVOIR;PRENEZ LE POUVOIR, LISTE SOUTENUE PAR MARINE LE PEN;BARDELLA Jordan;103;13,36;25,94;24;NEUTRE ET ACTIF;NEUTRE ET ACTIF;CORBET Cathy Denise Ginette;0;0,00;0,00;25;RÉVOLUTIONNAIRE;PARTI RÉVOLUTIONNAIRE COMMUNISTES;SANCHEZ Antonio;0;0,00;0,00;26;ESPERANTO;ESPÉRANTO - LANGUE COMMUNE ÉQUITABLE POUR L'EUROPE;DIEUMEGARD Pierre;1;0,13;0,25;27;ÉVOLUTION CITOYENNE;ÉVOLUTION CITOYENNE;CHALENÇON Christophe;0;0,00;0,00;28;ALLIANCE JAUNE;ALLIANCE JAUNE, LA RÉVOLTE PAR LE VOTE;LALANNE Francis;0;0,00;0,00;29;UNION DROITE-CENTRE;UNION DE LA DROITE ET DU CENTRE;BELLAMY François-Xavier;40;5,19;10,08;30;EUROPE ÉCOLOGIE;EUROPE ÉCOLOGIE;JADOT Yannick;40;5,19;10,08;31;PARTI ANIMALISTE;PARTI ANIMALISTE;THOUY Hélène;13;1,69;3,27;32;LES OUBLIES DE L'EUROPE;LES OUBLIÉS DE L'EUROPE - ARTISANS, COMMERÇANTS, PROFESSIONS LIBÉRALES ET INDÉPENDANTS - ACPLI -;BIDOU Olivier;2;0,26;0,50;33;UDLEF;UDLEF (UNION DÉMOCRATIQUE POUR LA LIBERTÉ ÉGALITÉ FRATERNITÉ);PERSON Christian Luc;0;0,00;0,00;34;EUROPE AU SERVICE PEUPLES;UNE EUROPE AU SERVICE DES PEUPLES;AZERGUI Nagib;0;0,00;0,00
06;Alpes-Maritimes;083;Menton;0009;675;296;43,85;379;56,15;5;0,74;1,32;10;1,48;2,64;364;53,93;96,04;1;LA FRANCE INSOUMISE;LA FRANCE INSOUMISE;AUBRY Manon;9;1,33;2,47;2;UNE FRANCE ROYALE;UNE FRANCE ROYALE AU COEUR DE L'EUROPE;DE PREVOISIN Robert;0;0,00;0,00;3;LA LIGNE CLAIRE;LA LIGNE CLAIRE;CAMUS Renaud;0;0,00;0,00;4;PARTI PIRATE;PARTI PIRATE;MARIE Florie;0;0,00;0,00;5;RENAISSANCE;RENAISSANCE SOUTENUE PAR LA RÉPUBLIQUE EN MARCHE, LE MODEM ET SES PARTENAIRES;LOISEAU Nathalie;87;12,89;23,90;6;DÉMOCRATIE REPRÉSENTATIVE;DÉMOCRATIE REPRÉSENTATIVE;TRAORÉ Hamada;0;0,00;0,00;7;ENSEMBLE PATRIOTES;ENSEMBLE PATRIOTES ET GILETS JAUNES : POUR LA FRANCE, SORTONS DE L'UNION EUROPÉENNE !;PHILIPPOT Florian;4;0,59;1,10;8;PACE;PACE - PARTI DES CITOYENS EUROPÉENS;ALEXANDRE Audric;0;0,00;0,00;9;URGENCE ÉCOLOGIE;URGENCE ÉCOLOGIE;BOURG Dominique;3;0,44;0,82;10;LISTE DE LA RECONQUÊTE;LISTE DE LA RECONQUÊTE;VAUCLIN Vincent;0;0,00;0,00;11;LES EUROPÉENS;LES EUROPÉENS;LAGARDE Jean-Christophe;7;1,04;1,92;12;ENVIE D'EUROPE;ENVIE D'EUROPE ÉCOLOGIQUE ET SOCIALE;GLUCKSMANN Raphaël;16;2,37;4,40;13;PARTI FED. EUROPÉEN;PARTI FÉDÉRALISTE EUROPÉEN - POUR UNE EUROPE QUI PROTÈGE SES CITOYENS;GERNIGON Yves;0;0,00;0,00;14;INITIATIVE CITOYENNE;MOUVEMENT POUR L'INITIATIVE CITOYENNE;HELGEN Gilles;0;0,00;0,00;15;DEBOUT LA FRANCE;LE COURAGE DE DÉFENDRE LES FRANÇAIS AVEC NICOLAS DUPONT-AIGNAN. DEBOUT LA FRANCE ! - CNIP;DUPONT-AIGNAN Nicolas;17;2,52;4,67;16;ALLONS ENFANTS;ALLONS ENFANTS;CAILLAUD Sophie;0;0,00;0,00;17;DÉCROISSANCE 2019;DÉCROISSANCE 2019;DELFEL Thérèse;0;0,00;0,00;18;LUTTE OUVRIÈRE;LUTTE OUVRIÈRE - CONTRE LE GRAND CAPITAL, LE CAMP DES TRAVAILLEURS;ARTHAUD Nathalie;0;0,00;0,00;19;POUR L'EUROPE DES GENS;POUR L'EUROPE DES GENS CONTRE L'EUROPE DE L'ARGENT;BROSSAT Ian;4;0,59;1,10;20;ENSEMBLE POUR LE FREXIT;ENSEMBLE POUR LE FREXIT;ASSELINEAU François;3;0,44;0,82;21;LISTE CITOYENNE;LISTE CITOYENNE DU PRINTEMPS EUROPÉEN AVEC BENOÎT HAMON SOUTENUE PAR GÉNÉRATION.S ET DÈME-DIEM 25;HAMON Benoît;12;1,78;3,30;22;À VOIX ÉGALES;À VOIX ÉGALES;TOMASINI Nathalie;0;0,00;0,00;23;PRENEZ LE POUVOIR;PRENEZ LE POUVOIR, LISTE SOUTENUE PAR MARINE LE PEN;BARDELLA Jordan;96;14,22;26,37;24;NEUTRE ET ACTIF;NEUTRE ET ACTIF;CORBET Cathy Denise Ginette;0;0,00;0,00;25;RÉVOLUTIONNAIRE;PARTI RÉVOLUTIONNAIRE COMMUNISTES;SANCHEZ Antonio;0;0,00;0,00;26;ESPERANTO;ESPÉRANTO - LANGUE COMMUNE ÉQUITABLE POUR L'EUROPE;DIEUMEGARD Pierre;0;0,00;0,00;27;ÉVOLUTION CITOYENNE;ÉVOLUTION CITOYENNE;CHALENÇON Christophe;0;0,00;0,00;28;ALLIANCE JAUNE;ALLIANCE JAUNE, LA RÉVOLTE PAR LE VOTE;LALANNE Francis;1;0,15;0,27;29;UNION DROITE-CENTRE;UNION DE LA DROITE ET DU CENTRE;BELLAMY François-Xavier;60;8,89;16,48;30;EUROPE ÉCOLOGIE;EUROPE ÉCOLOGIE;JADOT Yannick;40;5,93;10,99;31;PARTI ANIMALISTE;PARTI ANIMALISTE;THOUY Hélène;3;0,44;0,82;32;LES OUBLIES DE L'EUROPE;LES OUBLIÉS DE L'EUROPE - ARTISANS, COMMERÇANTS, PROFESSIONS LIBÉRALES ET INDÉPENDANTS - ACPLI -;BIDOU Olivier;0;0,00;0,00;33;UDLEF;UDLEF (UNION DÉMOCRATIQUE POUR LA LIBERTÉ ÉGALITÉ FRATERNITÉ);PERSON Christian Luc;0;0,00;0,00;34;EUROPE AU SERVICE PEUPLES;UNE EUROPE AU SERVICE DES PEUPLES;AZERGUI Nagib;2;0,30;0,55
06;Alpes-Maritimes;083;Menton;0010;776;383;49,36;393;50,64;7;0,90;1,78;13;1,68;3,31;373;48,07;94,91;1;LA FRANCE INSOUMISE;LA FRANCE INSOUMISE;AUBRY Manon;8;1,03;2,14;2;UNE FRANCE ROYALE;UNE FRANCE ROYALE AU COEUR DE L'EUROPE;DE PREVOISIN Robert;0;0,00;0,00;3;LA LIGNE CLAIRE;LA LIGNE CLAIRE;CAMUS Renaud;0;0,00;0,00;4;PARTI PIRATE;PARTI PIRATE;MARIE Florie;0;0,00;0,00;5;RENAISSANCE;RENAISSANCE SOUTENUE PAR LA RÉPUBLIQUE EN MARCHE, LE MODEM ET SES PARTENAIRES;LOISEAU Nathalie;71;9,15;19,03;6;DÉMOCRATIE REPRÉSENTATIVE;DÉMOCRATIE REPRÉSENTATIVE;TRAORÉ Hamada;0;0,00;0,00;7;ENSEMBLE PATRIOTES;ENSEMBLE PATRIOTES ET GILETS JAUNES : POUR LA FRANCE, SORTONS DE L'UNION EUROPÉENNE !;PHILIPPOT Florian;1;0,13;0,27;8;PACE;PACE - PARTI DES CITOYENS EUROPÉENS;ALEXANDRE Audric;0;0,00;0,00;9;URGENCE ÉCOLOGIE;URGENCE ÉCOLOGIE;BOURG Dominique;1;0,13;0,27;10;LISTE DE LA RECONQUÊTE;LISTE DE LA RECONQUÊTE;VAUCLIN Vincent;0;0,00;0,00;11;LES EUROPÉENS;LES EUROPÉENS;LAGARDE Jean-Christophe;7;0,90;1,88;12;ENVIE D'EUROPE;ENVIE D'EUROPE ÉCOLOGIQUE ET SOCIALE;GLUCKSMANN Raphaël;15;1,93;4,02;13;PARTI FED. EUROPÉEN;PARTI FÉDÉRALISTE EUROPÉEN - POUR UNE EUROPE QUI PROTÈGE SES CITOYENS;GERNIGON Yves;0;0,00;0,00;14;INITIATIVE CITOYENNE;MOUVEMENT POUR L'INITIATIVE CITOYENNE;HELGEN Gilles;0;0,00;0,00;15;DEBOUT LA FRANCE;LE COURAGE DE DÉFENDRE LES FRANÇAIS AVEC NICOLAS DUPONT-AIGNAN. DEBOUT LA FRANCE ! - CNIP;DUPONT-AIGNAN Nicolas;19;2,45;5,09;16;ALLONS ENFANTS;ALLONS ENFANTS;CAILLAUD Sophie;0;0,00;0,00;17;DÉCROISSANCE 2019;DÉCROISSANCE 2019;DELFEL Thérèse;0;0,00;0,00;18;LUTTE OUVRIÈRE;LUTTE OUVRIÈRE - CONTRE LE GRAND CAPITAL, LE CAMP DES TRAVAILLEURS;ARTHAUD Nathalie;2;0,26;0,54;19;POUR L'EUROPE DES GENS;POUR L'EUROPE DES GENS CONTRE L'EUROPE DE L'ARGENT;BROSSAT Ian;8;1,03;2,14;20;ENSEMBLE POUR LE FREXIT;ENSEMBLE POUR LE FREXIT;ASSELINEAU François;3;0,39;0,80;21;LISTE CITOYENNE;LISTE CITOYENNE DU PRINTEMPS EUROPÉEN AVEC BENOÎT HAMON SOUTENUE PAR GÉNÉRATION.S ET DÈME-DIEM 25;HAMON Benoît;8;1,03;2,14;22;À VOIX ÉGALES;À VOIX ÉGALES;TOMASINI Nathalie;0;0,00;0,00;23;PRENEZ LE POUVOIR;PRENEZ LE POUVOIR, LISTE SOUTENUE PAR MARINE LE PEN;BARDELLA Jordan;122;15,72;32,71;24;NEUTRE ET ACTIF;NEUTRE ET ACTIF;CORBET Cathy Denise Ginette;0;0,00;0,00;25;RÉVOLUTIONNAIRE;PARTI RÉVOLUTIONNAIRE COMMUNISTES;SANCHEZ Antonio;0;0,00;0,00;26;ESPERANTO;ESPÉRANTO - LANGUE COMMUNE ÉQUITABLE POUR L'EUROPE;DIEUMEGARD Pierre;0;0,00;0,00;27;ÉVOLUTION CITOYENNE;ÉVOLUTION CITOYENNE;CHALENÇON Christophe;0;0,00;0,00;28;ALLIANCE JAUNE;ALLIANCE JAUNE, LA RÉVOLTE PAR LE VOTE;LALANNE Francis;2;0,26;0,54;29;UNION DROITE-CENTRE;UNION DE LA DROITE ET DU CENTRE;BELLAMY François-Xavier;47;6,06;12,60;30;EUROPE ÉCOLOGIE;EUROPE ÉCOLOGIE;JADOT Yannick;46;5,93;12,33;31;PARTI ANIMALISTE;PARTI ANIMALISTE;THOUY Hélène;13;1,68;3,49;32;LES OUBLIES DE L'EUROPE;LES OUBLIÉS DE L'EUROPE - ARTISANS, COMMERÇANTS, PROFESSIONS LIBÉRALES ET INDÉPENDANTS - ACPLI -;BIDOU Olivier;0;0,00;0,00;33;UDLEF;UDLEF (UNION DÉMOCRATIQUE POUR LA LIBERTÉ ÉGALITÉ FRATERNITÉ);PERSON Christian Luc;0;0,00;0,00;34;EUROPE AU SERVICE PEUPLES;UNE EUROPE AU SERVICE DES PEUPLES;AZERGUI Nagib;0;0,00;0,00
06;Alpes-Maritimes;083;Menton;0011;816;372;45,59;444;54,41;12;1,47;2,70;7;0,86;1,58;425;52,08;95,72;1;LA FRANCE INSOUMISE;LA FRANCE INSOUMISE;AUBRY Manon;16;1,96;3,76;2;UNE FRANCE ROYALE;UNE FRANCE ROYALE AU COEUR DE L'EUROPE;DE PREVOISIN Robert;0;0,00;0,00;3;LA LIGNE CLAIRE;LA LIGNE CLAIRE;CAMUS Renaud;0;0,00;0,00;4;PARTI PIRATE;PARTI PIRATE;MARIE Florie;0;0,00;0,00;5;RENAISSANCE;RENAISSANCE SOUTENUE PAR LA RÉPUBLIQUE EN MARCHE, LE MODEM ET SES PARTENAIRES;LOISEAU Nathalie;118;14,46;27,76;6;DÉMOCRATIE REPRÉSENTATIVE;DÉMOCRATIE REPRÉSENTATIVE;TRAORÉ Hamada;0;0,00;0,00;7;ENSEMBLE PATRIOTES;ENSEMBLE PATRIOTES ET GILETS JAUNES : POUR LA FRANCE, SORTONS DE L'UNION EUROPÉENNE !;PHILIPPOT Florian;0;0,00;0,00;8;PACE;PACE - PARTI DES CITOYENS EUROPÉENS;ALEXANDRE Audric;0;0,00;0,00;9;URGENCE ÉCOLOGIE;URGENCE ÉCOLOGIE;BOURG Dominique;5;0,61;1,18;10;LISTE DE LA RECONQUÊTE;LISTE DE LA RECONQUÊTE;VAUCLIN Vincent;1;0,12;0,24;11;LES EUROPÉENS;LES EUROPÉENS;LAGARDE Jean-Christophe;5;0,61;1,18;12;ENVIE D'EUROPE;ENVIE D'EUROPE ÉCOLOGIQUE ET SOCIALE;GLUCKSMANN Raphaël;20;2,45;4,71;13;PARTI FED. EUROPÉEN;PARTI FÉDÉRALISTE EUROPÉEN - POUR UNE EUROPE QUI PROTÈGE SES CITOYENS;GERNIGON Yves;0;0,00;0,00;14;INITIATIVE CITOYENNE;MOUVEMENT POUR L'INITIATIVE CITOYENNE;HELGEN Gilles;0;0,00;0,00;15;DEBOUT LA FRANCE;LE COURAGE DE DÉFENDRE LES FRANÇAIS AVEC NICOLAS DUPONT-AIGNAN. DEBOUT LA FRANCE ! - CNIP;DUPONT-AIGNAN Nicolas;12;1,47;2,82;16;ALLONS ENFANTS;ALLONS ENFANTS;CAILLAUD Sophie;0;0,00;0,00;17;DÉCROISSANCE 2019;DÉCROISSANCE 2019;DELFEL Thérèse;0;0,00;0,00;18;LUTTE OUVRIÈRE;LUTTE OUVRIÈRE - CONTRE LE GRAND CAPITAL, LE CAMP DES TRAVAILLEURS;ARTHAUD Nathalie;1;0,12;0,24;19;POUR L'EUROPE DES GENS;POUR L'EUROPE DES GENS CONTRE L'EUROPE DE L'ARGENT;BROSSAT Ian;11;1,35;2,59;20;ENSEMBLE POUR LE FREXIT;ENSEMBLE POUR LE FREXIT;ASSELINEAU François;4;0,49;0,94;21;LISTE CITOYENNE;LISTE CITOYENNE DU PRINTEMPS EUROPÉEN AVEC BENOÎT HAMON SOUTENUE PAR GÉNÉRATION.S ET DÈME-DIEM 25;HAMON Benoît;6;0,74;1,41;22;À VOIX ÉGALES;À VOIX ÉGALES;TOMASINI Nathalie;0;0,00;0,00;23;PRENEZ LE POUVOIR;PRENEZ LE POUVOIR, LISTE SOUTENUE PAR MARINE LE PEN;BARDELLA Jordan;132;16,18;31,06;24;NEUTRE ET ACTIF;NEUTRE ET ACTIF;CORBET Cathy Denise Ginette;0;0,00;0,00;25;RÉVOLUTIONNAIRE;PARTI RÉVOLUTIONNAIRE COMMUNISTES;SANCHEZ Antonio;0;0,00;0,00;26;ESPERANTO;ESPÉRANTO - LANGUE COMMUNE ÉQUITABLE POUR L'EUROPE;DIEUMEGARD Pierre;1;0,12;0,24;27;ÉVOLUTION CITOYENNE;ÉVOLUTION CITOYENNE;CHALENÇON Christophe;0;0,00;0,00;28;ALLIANCE JAUNE;ALLIANCE JAUNE, LA RÉVOLTE PAR LE VOTE;LALANNE Francis;0;0,00;0,00;29;UNION DROITE-CENTRE;UNION DE LA DROITE ET DU CENTRE;BELLAMY François-Xavier;52;6,37;12,24;30;EUROPE ÉCOLOGIE;EUROPE ÉCOLOGIE;JADOT Yannick;37;4,53;8,71;31;PARTI ANIMALISTE;PARTI ANIMALISTE;THOUY Hélène;3;0,37;0,71;32;LES OUBLIES DE L'EUROPE;LES OUBLIÉS DE L'EUROPE - ARTISANS, COMMERÇANTS, PROFESSIONS LIBÉRALES ET INDÉPENDANTS - ACPLI -;BIDOU Olivier;1;0,12;0,24;33;UDLEF;UDLEF (UNION DÉMOCRATIQUE POUR LA LIBERTÉ ÉGALITÉ FRATERNITÉ);PERSON Christian Luc;0;0,00;0,00;34;EUROPE AU SERVICE PEUPLES;UNE EUROPE AU SERVICE DES PEUPLES;AZERGUI Nagib;0;0,00;0,00
06;Alpes-Maritimes;083;Menton;0012;796;372;46,73;424;53,27;8;1,01;1,89;13;1,63;3,07;403;50,63;95,05;1;LA FRANCE INSOUMISE;LA FRANCE INSOUMISE;AUBRY Manon;11;1,38;2,73;2;UNE FRANCE ROYALE;UNE FRANCE ROYALE AU COEUR DE L'EUROPE;DE PREVOISIN Robert;0;0,00;0,00;3;LA LIGNE CLAIRE;LA LIGNE CLAIRE;CAMUS Renaud;0;0,00;0,00;4;PARTI PIRATE;PARTI PIRATE;MARIE Florie;0;0,00;0,00;5;RENAISSANCE;RENAISSANCE SOUTENUE PAR LA RÉPUBLIQUE EN MARCHE, LE MODEM ET SES PARTENAIRES;LOISEAU Nathalie;95;11,93;23,57;6;DÉMOCRATIE REPRÉSENTATIVE;DÉMOCRATIE REPRÉSENTATIVE;TRAORÉ Hamada;0;0,00;0,00;7;ENSEMBLE PATRIOTES;ENSEMBLE PATRIOTES ET GILETS JAUNES : POUR LA FRANCE, SORTONS DE L'UNION EUROPÉENNE !;PHILIPPOT Florian;1;0,13;0,25;8;PACE;PACE - PARTI DES CITOYENS EUROPÉENS;ALEXANDRE Audric;0;0,00;0,00;9;URGENCE ÉCOLOGIE;URGENCE ÉCOLOGIE;BOURG Dominique;5;0,63;1,24;10;LISTE DE LA RECONQUÊTE;LISTE DE LA RECONQUÊTE;VAUCLIN Vincent;0;0,00;0,00;11;LES EUROPÉENS;LES EUROPÉENS;LAGARDE Jean-Christophe;11;1,38;2,73;12;ENVIE D'EUROPE;ENVIE D'EUROPE ÉCOLOGIQUE ET SOCIALE;GLUCKSMANN Raphaël;12;1,51;2,98;13;PARTI FED. EUROPÉEN;PARTI FÉDÉRALISTE EUROPÉEN - POUR UNE EUROPE QUI PROTÈGE SES CITOYENS;GERNIGON Yves;0;0,00;0,00;14;INITIATIVE CITOYENNE;MOUVEMENT POUR L'INITIATIVE CITOYENNE;HELGEN Gilles;0;0,00;0,00;15;DEBOUT LA FRANCE;LE COURAGE DE DÉFENDRE LES FRANÇAIS AVEC NICOLAS DUPONT-AIGNAN. DEBOUT LA FRANCE ! - CNIP;DUPONT-AIGNAN Nicolas;25;3,14;6,20;16;ALLONS ENFANTS;ALLONS ENFANTS;CAILLAUD Sophie;0;0,00;0,00;17;DÉCROISSANCE 2019;DÉCROISSANCE 2019;DELFEL Thérèse;0;0,00;0,00;18;LUTTE OUVRIÈRE;LUTTE OUVRIÈRE - CONTRE LE GRAND CAPITAL, LE CAMP DES TRAVAILLEURS;ARTHAUD Nathalie;1;0,13;0,25;19;POUR L'EUROPE DES GENS;POUR L'EUROPE DES GENS CONTRE L'EUROPE DE L'ARGENT;BROSSAT Ian;5;0,63;1,24;20;ENSEMBLE POUR LE FREXIT;ENSEMBLE POUR LE FREXIT;ASSELINEAU François;6;0,75;1,49;21;LISTE CITOYENNE;LISTE CITOYENNE DU PRINTEMPS EUROPÉEN AVEC BENOÎT HAMON SOUTENUE PAR GÉNÉRATION.S ET DÈME-DIEM 25;HAMON Benoît;6;0,75;1,49;22;À VOIX ÉGALES;À VOIX ÉGALES;TOMASINI Nathalie;0;0,00;0,00;23;PRENEZ LE POUVOIR;PRENEZ LE POUVOIR, LISTE SOUTENUE PAR MARINE LE PEN;BARDELLA Jordan;133;16,71;33,00;24;NEUTRE ET ACTIF;NEUTRE ET ACTIF;CORBET Cathy Denise Ginette;0;0,00;0,00;25;RÉVOLUTIONNAIRE;PARTI RÉVOLUTIONNAIRE COMMUNISTES;SANCHEZ Antonio;0;0,00;0,00;26;ESPERANTO;ESPÉRANTO - LANGUE COMMUNE ÉQUITABLE POUR L'EUROPE;DIEUMEGARD Pierre;0;0,00;0,00;27;ÉVOLUTION CITOYENNE;ÉVOLUTION CITOYENNE;CHALENÇON Christophe;0;0,00;0,00;28;ALLIANCE JAUNE;ALLIANCE JAUNE, LA RÉVOLTE PAR LE VOTE;LALANNE Francis;2;0,25;0,50;29;UNION DROITE-CENTRE;UNION DE LA DROITE ET DU CENTRE;BELLAMY François-Xavier;50;6,28;12,41;30;EUROPE ÉCOLOGIE;EUROPE ÉCOLOGIE;JADOT Yannick;30;3,77;7,44;31;PARTI ANIMALISTE;PARTI ANIMALISTE;THOUY Hélène;10;1,26;2,48;32;LES OUBLIES DE L'EUROPE;LES OUBLIÉS DE L'EUROPE - ARTISANS, COMMERÇANTS, PROFESSIONS LIBÉRALES ET INDÉPENDANTS - ACPLI -;BIDOU Olivier;0;0,00;0,00;33;UDLEF;UDLEF (UNION DÉMOCRATIQUE POUR LA LIBERTÉ ÉGALITÉ FRATERNITÉ);PERSON Christian Luc;0;0,00;0,00;34;EUROPE AU SERVICE PEUPLES;UNE EUROPE AU SERVICE DES PEUPLES;AZERGUI Nagib;0;0,00;0,00
06;Alpes-Maritimes;083;Menton;0013;832;425;51,08;407;48,92;12;1,44;2,95;11;1,32;2,70;384;46,15;94,35;1;LA FRANCE INSOUMISE;LA FRANCE INSOUMISE;AUBRY Manon;18;2,16;4,69;2;UNE FRANCE ROYALE;UNE FRANCE ROYALE AU COEUR DE L'EUROPE;DE PREVOISIN Robert;0;0,00;0,00;3;LA LIGNE CLAIRE;LA LIGNE CLAIRE;CAMUS Renaud;0;0,00;0,00;4;PARTI PIRATE;PARTI PIRATE;MARIE Florie;0;0,00;0,00;5;RENAISSANCE;RENAISSANCE SOUTENUE PAR LA RÉPUBLIQUE EN MARCHE, LE MODEM ET SES PARTENAIRES;LOISEAU Nathalie;59;7,09;15,36;6;DÉMOCRATIE REPRÉSENTATIVE;DÉMOCRATIE REPRÉSENTATIVE;TRAORÉ Hamada;0;0,00;0,00;7;ENSEMBLE PATRIOTES;ENSEMBLE PATRIOTES ET GILETS JAUNES : POUR LA FRANCE, SORTONS DE L'UNION EUROPÉENNE !;PHILIPPOT Florian;7;0,84;1,82;8;PACE;PACE - PARTI DES CITOYENS EUROPÉENS;ALEXANDRE Audric;0;0,00;0,00;9;URGENCE ÉCOLOGIE;URGENCE ÉCOLOGIE;BOURG Dominique;8;0,96;2,08;10;LISTE DE LA RECONQUÊTE;LISTE DE LA RECONQUÊTE;VAUCLIN Vincent;0;0,00;0,00;11;LES EUROPÉENS;LES EUROPÉENS;LAGARDE Jean-Christophe;7;0,84;1,82;12;ENVIE D'EUROPE;ENVIE D'EUROPE ÉCOLOGIQUE ET SOCIALE;GLUCKSMANN Raphaël;12;1,44;3,13;13;PARTI FED. EUROPÉEN;PARTI FÉDÉRALISTE EUROPÉEN - POUR UNE EUROPE QUI PROTÈGE SES CITOYENS;GERNIGON Yves;0;0,00;0,00;14;INITIATIVE CITOYENNE;MOUVEMENT POUR L'INITIATIVE CITOYENNE;HELGEN Gilles;0;0,00;0,00;15;DEBOUT LA FRANCE;LE COURAGE DE DÉFENDRE LES FRANÇAIS AVEC NICOLAS DUPONT-AIGNAN. DEBOUT LA FRANCE ! - CNIP;DUPONT-AIGNAN Nicolas;11;1,32;2,86;16;ALLONS ENFANTS;ALLONS ENFANTS;CAILLAUD Sophie;0;0,00;0,00;17;DÉCROISSANCE 2019;DÉCROISSANCE 2019;DELFEL Thérèse;0;0,00;0,00;18;LUTTE OUVRIÈRE;LUTTE OUVRIÈRE - CONTRE LE GRAND CAPITAL, LE CAMP DES TRAVAILLEURS;ARTHAUD Nathalie;0;0,00;0,00;19;POUR L'EUROPE DES GENS;POUR L'EUROPE DES GENS CONTRE L'EUROPE DE L'ARGENT;BROSSAT Ian;3;0,36;0,78;20;ENSEMBLE POUR LE FREXIT;ENSEMBLE POUR LE FREXIT;ASSELINEAU François;9;1,08;2,34;21;LISTE CITOYENNE;LISTE CITOYENNE DU PRINTEMPS EUROPÉEN AVEC BENOÎT HAMON SOUTENUE PAR GÉNÉRATION.S ET DÈME-DIEM 25;HAMON Benoît;5;0,60;1,30;22;À VOIX ÉGALES;À VOIX ÉGALES;TOMASINI Nathalie;0;0,00;0,00;23;PRENEZ LE POUVOIR;PRENEZ LE POUVOIR, LISTE SOUTENUE PAR MARINE LE PEN;BARDELLA Jordan;150;18,03;39,06;24;NEUTRE ET ACTIF;NEUTRE ET ACTIF;CORBET Cathy Denise Ginette;0;0,00;0,00;25;RÉVOLUTIONNAIRE;PARTI RÉVOLUTIONNAIRE COMMUNISTES;SANCHEZ Antonio;0;0,00;0,00;26;ESPERANTO;ESPÉRANTO - LANGUE COMMUNE ÉQUITABLE POUR L'EUROPE;DIEUMEGARD Pierre;1;0,12;0,26;27;ÉVOLUTION CITOYENNE;ÉVOLUTION CITOYENNE;CHALENÇON Christophe;0;0,00;0,00;28;ALLIANCE JAUNE;ALLIANCE JAUNE, LA RÉVOLTE PAR LE VOTE;LALANNE Francis;1;0,12;0,26;29;UNION DROITE-CENTRE;UNION DE LA DROITE ET DU CENTRE;BELLAMY François-Xavier;32;3,85;8,33;30;EUROPE ÉCOLOGIE;EUROPE ÉCOLOGIE;JADOT Yannick;43;5,17;11,20;31;PARTI ANIMALISTE;PARTI ANIMALISTE;THOUY Hélène;17;2,04;4,43;32;LES OUBLIES DE L'EUROPE;LES OUBLIÉS DE L'EUROPE - ARTISANS, COMMERÇANTS, PROFESSIONS LIBÉRALES ET INDÉPENDANTS - ACPLI -;BIDOU Olivier;0;0,00;0,00;33;UDLEF;UDLEF (UNION DÉMOCRATIQUE POUR LA LIBERTÉ ÉGALITÉ FRATERNITÉ);PERSON Christian Luc;0;0,00;0,00;34;EUROPE AU SERVICE PEUPLES;UNE EUROPE AU SERVICE DES PEUPLES;AZERGUI Nagib;1;0,12;0,26
06;Alpes-Maritimes;083;Menton;0014;963;481;49,95;482;50,05;13;1,35;2,70;14;1,45;2,90;455;47,25;94,40;1;LA FRANCE INSOUMISE;LA FRANCE INSOUMISE;AUBRY Manon;14;1,45;3,08;2;UNE FRANCE ROYALE;UNE FRANCE ROYALE AU COEUR DE L'EUROPE;DE PREVOISIN Robert;1;0,10;0,22;3;LA LIGNE CLAIRE;LA LIGNE CLAIRE;CAMUS Renaud;0;0,00;0,00;4;PARTI PIRATE;PARTI PIRATE;MARIE Florie;0;0,00;0,00;5;RENAISSANCE;RENAISSANCE SOUTENUE PAR LA RÉPUBLIQUE EN MARCHE, LE MODEM ET SES PARTENAIRES;LOISEAU Nathalie;103;10,70;22,64;6;DÉMOCRATIE REPRÉSENTATIVE;DÉMOCRATIE REPRÉSENTATIVE;TRAORÉ Hamada;0;0,00;0,00;7;ENSEMBLE PATRIOTES;ENSEMBLE PATRIOTES ET GILETS JAUNES : POUR LA FRANCE, SORTONS DE L'UNION EUROPÉENNE !;PHILIPPOT Florian;1;0,10;0,22;8;PACE;PACE - PARTI DES CITOYENS EUROPÉENS;ALEXANDRE Audric;0;0,00;0,00;9;URGENCE ÉCOLOGIE;URGENCE ÉCOLOGIE;BOURG Dominique;11;1,14;2,42;10;LISTE DE LA RECONQUÊTE;LISTE DE LA RECONQUÊTE;VAUCLIN Vincent;0;0,00;0,00;11;LES EUROPÉENS;LES EUROPÉENS;LAGARDE Jean-Christophe;12;1,25;2,64;12;ENVIE D'EUROPE;ENVIE D'EUROPE ÉCOLOGIQUE ET SOCIALE;GLUCKSMANN Raphaël;20;2,08;4,40;13;PARTI FED. EUROPÉEN;PARTI FÉDÉRALISTE EUROPÉEN - POUR UNE EUROPE QUI PROTÈGE SES CITOYENS;GERNIGON Yves;0;0,00;0,00;14;INITIATIVE CITOYENNE;MOUVEMENT POUR L'INITIATIVE CITOYENNE;HELGEN Gilles;0;0,00;0,00;15;DEBOUT LA FRANCE;LE COURAGE DE DÉFENDRE LES FRANÇAIS AVEC NICOLAS DUPONT-AIGNAN. DEBOUT LA FRANCE ! - CNIP;DUPONT-AIGNAN Nicolas;26;2,70;5,71;16;ALLONS ENFANTS;ALLONS ENFANTS;CAILLAUD Sophie;0;0,00;0,00;17;DÉCROISSANCE 2019;DÉCROISSANCE 2019;DELFEL Thérèse;0;0,00;0,00;18;LUTTE OUVRIÈRE;LUTTE OUVRIÈRE - CONTRE LE GRAND CAPITAL, LE CAMP DES TRAVAILLEURS;ARTHAUD Nathalie;0;0,00;0,00;19;POUR L'EUROPE DES GENS;POUR L'EUROPE DES GENS CONTRE L'EUROPE DE L'ARGENT;BROSSAT Ian;13;1,35;2,86;20;ENSEMBLE POUR LE FREXIT;ENSEMBLE POUR LE FREXIT;ASSELINEAU François;9;0,93;1,98;21;LISTE CITOYENNE;LISTE CITOYENNE DU PRINTEMPS EUROPÉEN AVEC BENOÎT HAMON SOUTENUE PAR GÉNÉRATION.S ET DÈME-DIEM 25;HAMON Benoît;8;0,83;1,76;22;À VOIX ÉGALES;À VOIX ÉGALES;TOMASINI Nathalie;0;0,00;0,00;23;PRENEZ LE POUVOIR;PRENEZ LE POUVOIR, LISTE SOUTENUE PAR MARINE LE PEN;BARDELLA Jordan;141;14,64;30,99;24;NEUTRE ET ACTIF;NEUTRE ET ACTIF;CORBET Cathy Denise Ginette;0;0,00;0,00;25;RÉVOLUTIONNAIRE;PARTI RÉVOLUTIONNAIRE COMMUNISTES;SANCHEZ Antonio;0;0,00;0,00;26;ESPERANTO;ESPÉRANTO - LANGUE COMMUNE ÉQUITABLE POUR L'EUROPE;DIEUMEGARD Pierre;0;0,00;0,00;27;ÉVOLUTION CITOYENNE;ÉVOLUTION CITOYENNE;CHALENÇON Christophe;0;0,00;0,00;28;ALLIANCE JAUNE;ALLIANCE JAUNE, LA RÉVOLTE PAR LE VOTE;LALANNE Francis;1;0,10;0,22;29;UNION DROITE-CENTRE;UNION DE LA DROITE ET DU CENTRE;BELLAMY François-Xavier;35;3,63;7,69;30;EUROPE ÉCOLOGIE;EUROPE ÉCOLOGIE;JADOT Yannick;48;4,98;10,55;31;PARTI ANIMALISTE;PARTI ANIMALISTE;THOUY Hélène;10;1,04;2,20;32;LES OUBLIES DE L'EUROPE;LES OUBLIÉS DE L'EUROPE - ARTISANS, COMMERÇANTS, PROFESSIONS LIBÉRALES ET INDÉPENDANTS - ACPLI -;BIDOU Olivier;0;0,00;0,00;33;UDLEF;UDLEF (UNION DÉMOCRATIQUE POUR LA LIBERTÉ ÉGALITÉ FRATERNITÉ);PERSON Christian Luc;0;0,00;0,00;34;EUROPE AU SERVICE PEUPLES;UNE EUROPE AU SERVICE DES PEUPLES;AZERGUI Nagib;2;0,21;0,44
06;Alpes-Maritimes;083;Menton;0015;811;382;47,10;429;52,90;15;1,85;3,50;11;1,36;2,56;403;49,69;93,94;1;LA FRANCE INSOUMISE;LA FRANCE INSOUMISE;AUBRY Manon;17;2,10;4,22;2;UNE FRANCE ROYALE;UNE FRANCE ROYALE AU COEUR DE L'EUROPE;DE PREVOISIN Robert;0;0,00;0,00;3;LA LIGNE CLAIRE;LA LIGNE CLAIRE;CAMUS Renaud;0;0,00;0,00;4;PARTI PIRATE;PARTI PIRATE;MARIE Florie;1;0,12;0,25;5;RENAISSANCE;RENAISSANCE SOUTENUE PAR LA RÉPUBLIQUE EN MARCHE, LE MODEM ET SES PARTENAIRES;LOISEAU Nathalie;36;4,44;8,93;6;DÉMOCRATIE REPRÉSENTATIVE;DÉMOCRATIE REPRÉSENTATIVE;TRAORÉ Hamada;0;0,00;0,00;7;ENSEMBLE PATRIOTES;ENSEMBLE PATRIOTES ET GILETS JAUNES : POUR LA FRANCE, SORTONS DE L'UNION EUROPÉENNE !;PHILIPPOT Florian;6;0,74;1,49;8;PACE;PACE - PARTI DES CITOYENS EUROPÉENS;ALEXANDRE Audric;0;0,00;0,00;9;URGENCE ÉCOLOGIE;URGENCE ÉCOLOGIE;BOURG Dominique;7;0,86;1,74;10;LISTE DE LA RECONQUÊTE;LISTE DE LA RECONQUÊTE;VAUCLIN Vincent;0;0,00;0,00;11;LES EUROPÉENS;LES EUROPÉENS;LAGARDE Jean-Christophe;9;1,11;2,23;12;ENVIE D'EUROPE;ENVIE D'EUROPE ÉCOLOGIQUE ET SOCIALE;GLUCKSMANN Raphaël;8;0,99;1,99;13;PARTI FED. EUROPÉEN;PARTI FÉDÉRALISTE EUROPÉEN - POUR UNE EUROPE QUI PROTÈGE SES CITOYENS;GERNIGON Yves;0;0,00;0,00;14;INITIATIVE CITOYENNE;MOUVEMENT POUR L'INITIATIVE CITOYENNE;HELGEN Gilles;0;0,00;0,00;15;DEBOUT LA FRANCE;LE COURAGE DE DÉFENDRE LES FRANÇAIS AVEC NICOLAS DUPONT-AIGNAN. DEBOUT LA FRANCE ! - CNIP;DUPONT-AIGNAN Nicolas;18;2,22;4,47;16;ALLONS ENFANTS;ALLONS ENFANTS;CAILLAUD Sophie;0;0,00;0,00;17;DÉCROISSANCE 2019;DÉCROISSANCE 2019;DELFEL Thérèse;0;0,00;0,00;18;LUTTE OUVRIÈRE;LUTTE OUVRIÈRE - CONTRE LE GRAND CAPITAL, LE CAMP DES TRAVAILLEURS;ARTHAUD Nathalie;4;0,49;0,99;19;POUR L'EUROPE DES GENS;POUR L'EUROPE DES GENS CONTRE L'EUROPE DE L'ARGENT;BROSSAT Ian;5;0,62;1,24;20;ENSEMBLE POUR LE FREXIT;ENSEMBLE POUR LE FREXIT;ASSELINEAU François;8;0,99;1,99;21;LISTE CITOYENNE;LISTE CITOYENNE DU PRINTEMPS EUROPÉEN AVEC BENOÎT HAMON SOUTENUE PAR GÉNÉRATION.S ET DÈME-DIEM 25;HAMON Benoît;1;0,12;0,25;22;À VOIX ÉGALES;À VOIX ÉGALES;TOMASINI Nathalie;0;0,00;0,00;23;PRENEZ LE POUVOIR;PRENEZ LE POUVOIR, LISTE SOUTENUE PAR MARINE LE PEN;BARDELLA Jordan;195;24,04;48,39;24;NEUTRE ET ACTIF;NEUTRE ET ACTIF;CORBET Cathy Denise Ginette;0;0,00;0,00;25;RÉVOLUTIONNAIRE;PARTI RÉVOLUTIONNAIRE COMMUNISTES;SANCHEZ Antonio;0;0,00;0,00;26;ESPERANTO;ESPÉRANTO - LANGUE COMMUNE ÉQUITABLE POUR L'EUROPE;DIEUMEGARD Pierre;0;0,00;0,00;27;ÉVOLUTION CITOYENNE;ÉVOLUTION CITOYENNE;CHALENÇON Christophe;0;0,00;0,00;28;ALLIANCE JAUNE;ALLIANCE JAUNE, LA RÉVOLTE PAR LE VOTE;LALANNE Francis;4;0,49;0,99;29;UNION DROITE-CENTRE;UNION DE LA DROITE ET DU CENTRE;BELLAMY François-Xavier;27;3,33;6,70;30;EUROPE ÉCOLOGIE;EUROPE ÉCOLOGIE;JADOT Yannick;43;5,30;10,67;31;PARTI ANIMALISTE;PARTI ANIMALISTE;THOUY Hélène;13;1,60;3,23;32;LES OUBLIES DE L'EUROPE;LES OUBLIÉS DE L'EUROPE - ARTISANS, COMMERÇANTS, PROFESSIONS LIBÉRALES ET INDÉPENDANTS - ACPLI -;BIDOU Olivier;0;0,00;0,00;33;UDLEF;UDLEF (UNION DÉMOCRATIQUE POUR LA LIBERTÉ ÉGALITÉ FRATERNITÉ);PERSON Christian Luc;0;0,00;0,00;34;EUROPE AU SERVICE PEUPLES;UNE EUROPE AU SERVICE DES PEUPLES;AZERGUI Nagib;1;0,12;0,25
06;Alpes-Maritimes;083;Menton;0016;872;440;50,46;432;49,54;6;0,69;1,39;11;1,26;2,55;415;47,59;96,06;1;LA FRANCE INSOUMISE;LA FRANCE INSOUMISE;AUBRY Manon;20;2,29;4,82;2;UNE FRANCE ROYALE;UNE FRANCE ROYALE AU COEUR DE L'EUROPE;DE PREVOISIN Robert;0;0,00;0,00;3;LA LIGNE CLAIRE;LA LIGNE CLAIRE;CAMUS Renaud;0;0,00;0,00;4;PARTI PIRATE;PARTI PIRATE;MARIE Florie;0;0,00;0,00;5;RENAISSANCE;RENAISSANCE SOUTENUE PAR LA RÉPUBLIQUE EN MARCHE, LE MODEM ET SES PARTENAIRES;LOISEAU Nathalie;59;6,77;14,22;6;DÉMOCRATIE REPRÉSENTATIVE;DÉMOCRATIE REPRÉSENTATIVE;TRAORÉ Hamada;0;0,00;0,00;7;ENSEMBLE PATRIOTES;ENSEMBLE PATRIOTES ET GILETS JAUNES : POUR LA FRANCE, SORTONS DE L'UNION EUROPÉENNE !;PHILIPPOT Florian;7;0,80;1,69;8;PACE;PACE - PARTI DES CITOYENS EUROPÉENS;ALEXANDRE Audric;0;0,00;0,00;9;URGENCE ÉCOLOGIE;URGENCE ÉCOLOGIE;BOURG Dominique;5;0,57;1,20;10;LISTE DE LA RECONQUÊTE;LISTE DE LA RECONQUÊTE;VAUCLIN Vincent;0;0,00;0,00;11;LES EUROPÉENS;LES EUROPÉENS;LAGARDE Jean-Christophe;4;0,46;0,96;12;ENVIE D'EUROPE;ENVIE D'EUROPE ÉCOLOGIQUE ET SOCIALE;GLUCKSMANN Raphaël;14;1,61;3,37;13;PARTI FED. EUROPÉEN;PARTI FÉDÉRALISTE EUROPÉEN - POUR UNE EUROPE QUI PROTÈGE SES CITOYENS;GERNIGON Yves;0;0,00;0,00;14;INITIATIVE CITOYENNE;MOUVEMENT POUR L'INITIATIVE CITOYENNE;HELGEN Gilles;0;0,00;0,00;15;DEBOUT LA FRANCE;LE COURAGE DE DÉFENDRE LES FRANÇAIS AVEC NICOLAS DUPONT-AIGNAN. DEBOUT LA FRANCE ! - CNIP;DUPONT-AIGNAN Nicolas;28;3,21;6,75;16;ALLONS ENFANTS;ALLONS ENFANTS;CAILLAUD Sophie;0;0,00;0,00;17;DÉCROISSANCE 2019;DÉCROISSANCE 2019;DELFEL Thérèse;0;0,00;0,00;18;LUTTE OUVRIÈRE;LUTTE OUVRIÈRE - CONTRE LE GRAND CAPITAL, LE CAMP DES TRAVAILLEURS;ARTHAUD Nathalie;2;0,23;0,48;19;POUR L'EUROPE DES GENS;POUR L'EUROPE DES GENS CONTRE L'EUROPE DE L'ARGENT;BROSSAT Ian;3;0,34;0,72;20;ENSEMBLE POUR LE FREXIT;ENSEMBLE POUR LE FREXIT;ASSELINEAU François;1;0,11;0,24;21;LISTE CITOYENNE;LISTE CITOYENNE DU PRINTEMPS EUROPÉEN AVEC BENOÎT HAMON SOUTENUE PAR GÉNÉRATION.S ET DÈME-DIEM 25;HAMON Benoît;5;0,57;1,20;22;À VOIX ÉGALES;À VOIX ÉGALES;TOMASINI Nathalie;0;0,00;0,00;23;PRENEZ LE POUVOIR;PRENEZ LE POUVOIR, LISTE SOUTENUE PAR MARINE LE PEN;BARDELLA Jordan;180;20,64;43,37;24;NEUTRE ET ACTIF;NEUTRE ET ACTIF;CORBET Cathy Denise Ginette;0;0,00;0,00;25;RÉVOLUTIONNAIRE;PARTI RÉVOLUTIONNAIRE COMMUNISTES;SANCHEZ Antonio;0;0,00;0,00;26;ESPERANTO;ESPÉRANTO - LANGUE COMMUNE ÉQUITABLE POUR L'EUROPE;DIEUMEGARD Pierre;0;0,00;0,00;27;ÉVOLUTION CITOYENNE;ÉVOLUTION CITOYENNE;CHALENÇON Christophe;0;0,00;0,00;28;ALLIANCE JAUNE;ALLIANCE JAUNE, LA RÉVOLTE PAR LE VOTE;LALANNE Francis;1;0,11;0,24;29;UNION DROITE-CENTRE;UNION DE LA DROITE ET DU CENTRE;BELLAMY François-Xavier;31;3,56;7,47;30;EUROPE ÉCOLOGIE;EUROPE ÉCOLOGIE;JADOT Yannick;35;4,01;8,43;31;PARTI ANIMALISTE;PARTI ANIMALISTE;THOUY Hélène;17;1,95;4,10;32;LES OUBLIES DE L'EUROPE;LES OUBLIÉS DE L'EUROPE - ARTISANS, COMMERÇANTS, PROFESSIONS LIBÉRALES ET INDÉPENDANTS - ACPLI -;BIDOU Olivier;0;0,00;0,00;33;UDLEF;UDLEF (UNION DÉMOCRATIQUE POUR LA LIBERTÉ ÉGALITÉ FRATERNITÉ);PERSON Christian Luc;0;0,00;0,00;34;EUROPE AU SERVICE PEUPLES;UNE EUROPE AU SERVICE DES PEUPLES;AZERGUI Nagib;3;0,34;0,72
06;Alpes-Maritimes;083;Menton;0017;851;432;50,76;419;49,24;14;1,65;3,34;12;1,41;2,86;393;46,18;93,79;1;LA FRANCE INSOUMISE;LA FRANCE INSOUMISE;AUBRY Manon;6;0,71;1,53;2;UNE FRANCE ROYALE;UNE FRANCE ROYALE AU COEUR DE L'EUROPE;DE PREVOISIN Robert;0;0,00;0,00;3;LA LIGNE CLAIRE;LA LIGNE CLAIRE;CAMUS Renaud;0;0,00;0,00;4;PARTI PIRATE;PARTI PIRATE;MARIE Florie;0;0,00;0,00;5;RENAISSANCE;RENAISSANCE SOUTENUE PAR LA RÉPUBLIQUE EN MARCHE, LE MODEM ET SES PARTENAIRES;LOISEAU Nathalie;81;9,52;20,61;6;DÉMOCRATIE REPRÉSENTATIVE;DÉMOCRATIE REPRÉSENTATIVE;TRAORÉ Hamada;0;0,00;0,00;7;ENSEMBLE PATRIOTES;ENSEMBLE PATRIOTES ET GILETS JAUNES : POUR LA FRANCE, SORTONS DE L'UNION EUROPÉENNE !;PHILIPPOT Florian;1;0,12;0,25;8;PACE;PACE - PARTI DES CITOYENS EUROPÉENS;ALEXANDRE Audric;0;0,00;0,00;9;URGENCE ÉCOLOGIE;URGENCE ÉCOLOGIE;BOURG Dominique;6;0,71;1,53;10;LISTE DE LA RECONQUÊTE;LISTE DE LA RECONQUÊTE;VAUCLIN Vincent;0;0,00;0,00;11;LES EUROPÉENS;LES EUROPÉENS;LAGARDE Jean-Christophe;4;0,47;1,02;12;ENVIE D'EUROPE;ENVIE D'EUROPE ÉCOLOGIQUE ET SOCIALE;GLUCKSMANN Raphaël;9;1,06;2,29;13;PARTI FED. EUROPÉEN;PARTI FÉDÉRALISTE EUROPÉEN - POUR UNE EUROPE QUI PROTÈGE SES CITOYENS;GERNIGON Yves;0;0,00;0,00;14;INITIATIVE CITOYENNE;MOUVEMENT POUR L'INITIATIVE CITOYENNE;HELGEN Gilles;0;0,00;0,00;15;DEBOUT LA FRANCE;LE COURAGE DE DÉFENDRE LES FRANÇAIS AVEC NICOLAS DUPONT-AIGNAN. DEBOUT LA FRANCE ! - CNIP;DUPONT-AIGNAN Nicolas;19;2,23;4,83;16;ALLONS ENFANTS;ALLONS ENFANTS;CAILLAUD Sophie;0;0,00;0,00;17;DÉCROISSANCE 2019;DÉCROISSANCE 2019;DELFEL Thérèse;2;0,24;0,51;18;LUTTE OUVRIÈRE;LUTTE OUVRIÈRE - CONTRE LE GRAND CAPITAL, LE CAMP DES TRAVAILLEURS;ARTHAUD Nathalie;5;0,59;1,27;19;POUR L'EUROPE DES GENS;POUR L'EUROPE DES GENS CONTRE L'EUROPE DE L'ARGENT;BROSSAT Ian;9;1,06;2,29;20;ENSEMBLE POUR LE FREXIT;ENSEMBLE POUR LE FREXIT;ASSELINEAU François;7;0,82;1,78;21;LISTE CITOYENNE;LISTE CITOYENNE DU PRINTEMPS EUROPÉEN AVEC BENOÎT HAMON SOUTENUE PAR GÉNÉRATION.S ET DÈME-DIEM 25;HAMON Benoît;2;0,24;0,51;22;À VOIX ÉGALES;À VOIX ÉGALES;TOMASINI Nathalie;0;0,00;0,00;23;PRENEZ LE POUVOIR;PRENEZ LE POUVOIR, LISTE SOUTENUE PAR MARINE LE PEN;BARDELLA Jordan;148;17,39;37,66;24;NEUTRE ET ACTIF;NEUTRE ET ACTIF;CORBET Cathy Denise Ginette;0;0,00;0,00;25;RÉVOLUTIONNAIRE;PARTI RÉVOLUTIONNAIRE COMMUNISTES;SANCHEZ Antonio;0;0,00;0,00;26;ESPERANTO;ESPÉRANTO - LANGUE COMMUNE ÉQUITABLE POUR L'EUROPE;DIEUMEGARD Pierre;0;0,00;0,00;27;ÉVOLUTION CITOYENNE;ÉVOLUTION CITOYENNE;CHALENÇON Christophe;0;0,00;0,00;28;ALLIANCE JAUNE;ALLIANCE JAUNE, LA RÉVOLTE PAR LE VOTE;LALANNE Francis;1;0,12;0,25;29;UNION DROITE-CENTRE;UNION DE LA DROITE ET DU CENTRE;BELLAMY François-Xavier;40;4,70;10,18;30;EUROPE ÉCOLOGIE;EUROPE ÉCOLOGIE;JADOT Yannick;37;4,35;9,41;31;PARTI ANIMALISTE;PARTI ANIMALISTE;THOUY Hélène;14;1,65;3,56;32;LES OUBLIES DE L'EUROPE;LES OUBLIÉS DE L'EUROPE - ARTISANS, COMMERÇANTS, PROFESSIONS LIBÉRALES ET INDÉPENDANTS - ACPLI -;BIDOU Olivier;2;0,24;0,51;33;UDLEF;UDLEF (UNION DÉMOCRATIQUE POUR LA LIBERTÉ ÉGALITÉ FRATERNITÉ);PERSON Christian Luc;0;0,00;0,00;34;EUROPE AU SERVICE PEUPLES;UNE EUROPE AU SERVICE DES PEUPLES;AZERGUI Nagib;0;0,00;0,00
06;Alpes-Maritimes;083;Menton;0018;947;511;53,96;436;46,04;8;0,84;1,83;14;1,48;3,21;414;43,72;94,95;1;LA FRANCE INSOUMISE;LA FRANCE INSOUMISE;AUBRY Manon;10;1,06;2,42;2;UNE FRANCE ROYALE;UNE FRANCE ROYALE AU COEUR DE L'EUROPE;DE PREVOISIN Robert;0;0,00;0,00;3;LA LIGNE CLAIRE;LA LIGNE CLAIRE;CAMUS Renaud;0;0,00;0,00;4;PARTI PIRATE;PARTI PIRATE;MARIE Florie;0;0,00;0,00;5;RENAISSANCE;RENAISSANCE SOUTENUE PAR LA RÉPUBLIQUE EN MARCHE, LE MODEM ET SES PARTENAIRES;LOISEAU Nathalie;65;6,86;15,70;6;DÉMOCRATIE REPRÉSENTATIVE;DÉMOCRATIE REPRÉSENTATIVE;TRAORÉ Hamada;0;0,00;0,00;7;ENSEMBLE PATRIOTES;ENSEMBLE PATRIOTES ET GILETS JAUNES : POUR LA FRANCE, SORTONS DE L'UNION EUROPÉENNE !;PHILIPPOT Florian;4;0,42;0,97;8;PACE;PACE - PARTI DES CITOYENS EUROPÉENS;ALEXANDRE Audric;0;0,00;0,00;9;URGENCE ÉCOLOGIE;URGENCE ÉCOLOGIE;BOURG Dominique;10;1,06;2,42;10;LISTE DE LA RECONQUÊTE;LISTE DE LA RECONQUÊTE;VAUCLIN Vincent;0;0,00;0,00;11;LES EUROPÉENS;LES EUROPÉENS;LAGARDE Jean-Christophe;12;1,27;2,90;12;ENVIE D'EUROPE;ENVIE D'EUROPE ÉCOLOGIQUE ET SOCIALE;GLUCKSMANN Raphaël;13;1,37;3,14;13;PARTI FED. EUROPÉEN;PARTI FÉDÉRALISTE EUROPÉEN - POUR UNE EUROPE QUI PROTÈGE SES CITOYENS;GERNIGON Yves;0;0,00;0,00;14;INITIATIVE CITOYENNE;MOUVEMENT POUR L'INITIATIVE CITOYENNE;HELGEN Gilles;0;0,00;0,00;15;DEBOUT LA FRANCE;LE COURAGE DE DÉFENDRE LES FRANÇAIS AVEC NICOLAS DUPONT-AIGNAN. DEBOUT LA FRANCE ! - CNIP;DUPONT-AIGNAN Nicolas;14;1,48;3,38;16;ALLONS ENFANTS;ALLONS ENFANTS;CAILLAUD Sophie;0;0,00;0,00;17;DÉCROISSANCE 2019;DÉCROISSANCE 2019;DELFEL Thérèse;0;0,00;0,00;18;LUTTE OUVRIÈRE;LUTTE OUVRIÈRE - CONTRE LE GRAND CAPITAL, LE CAMP DES TRAVAILLEURS;ARTHAUD Nathalie;0;0,00;0,00;19;POUR L'EUROPE DES GENS;POUR L'EUROPE DES GENS CONTRE L'EUROPE DE L'ARGENT;BROSSAT Ian;5;0,53;1,21;20;ENSEMBLE POUR LE FREXIT;ENSEMBLE POUR LE FREXIT;ASSELINEAU François;7;0,74;1,69;21;LISTE CITOYENNE;LISTE CITOYENNE DU PRINTEMPS EUROPÉEN AVEC BENOÎT HAMON SOUTENUE PAR GÉNÉRATION.S ET DÈME-DIEM 25;HAMON Benoît;8;0,84;1,93;22;À VOIX ÉGALES;À VOIX ÉGALES;TOMASINI Nathalie;0;0,00;0,00;23;PRENEZ LE POUVOIR;PRENEZ LE POUVOIR, LISTE SOUTENUE PAR MARINE LE PEN;BARDELLA Jordan;177;18,69;42,75;24;NEUTRE ET ACTIF;NEUTRE ET ACTIF;CORBET Cathy Denise Ginette;0;0,00;0,00;25;RÉVOLUTIONNAIRE;PARTI RÉVOLUTIONNAIRE COMMUNISTES;SANCHEZ Antonio;0;0,00;0,00;26;ESPERANTO;ESPÉRANTO - LANGUE COMMUNE ÉQUITABLE POUR L'EUROPE;DIEUMEGARD Pierre;1;0,11;0,24;27;ÉVOLUTION CITOYENNE;ÉVOLUTION CITOYENNE;CHALENÇON Christophe;0;0,00;0,00;28;ALLIANCE JAUNE;ALLIANCE JAUNE, LA RÉVOLTE PAR LE VOTE;LALANNE Francis;1;0,11;0,24;29;UNION DROITE-CENTRE;UNION DE LA DROITE ET DU CENTRE;BELLAMY François-Xavier;29;3,06;7,00;30;EUROPE ÉCOLOGIE;EUROPE ÉCOLOGIE;JADOT Yannick;45;4,75;10,87;31;PARTI ANIMALISTE;PARTI ANIMALISTE;THOUY Hélène;10;1,06;2,42;32;LES OUBLIES DE L'EUROPE;LES OUBLIÉS DE L'EUROPE - ARTISANS, COMMERÇANTS, PROFESSIONS LIBÉRALES ET INDÉPENDANTS - ACPLI -;BIDOU Olivier;3;0,32;0,72;33;UDLEF;UDLEF (UNION DÉMOCRATIQUE POUR LA LIBERTÉ ÉGALITÉ FRATERNITÉ);PERSON Christian Luc;0;0,00;0,00;34;EUROPE AU SERVICE PEUPLES;UNE EUROPE AU SERVICE DES PEUPLES;AZERGUI Nagib;0;0,00;0,00
06;Alpes-Maritimes;083;Menton;0019;205;103;50,24;102;49,76;2;0,98;1,96;5;2,44;4,90;95;46,34;93,14;1;LA FRANCE INSOUMISE;LA FRANCE INSOUMISE;AUBRY Manon;0;0,00;0,00;2;UNE FRANCE ROYALE;UNE FRANCE ROYALE AU COEUR DE L'EUROPE;DE PREVOISIN Robert;0;0,00;0,00;3;LA LIGNE CLAIRE;LA LIGNE CLAIRE;CAMUS Renaud;0;0,00;0,00;4;PARTI PIRATE;PARTI PIRATE;MARIE Florie;1;0,49;1,05;5;RENAISSANCE;RENAISSANCE SOUTENUE PAR LA RÉPUBLIQUE EN MARCHE, LE MODEM ET SES PARTENAIRES;LOISEAU Nathalie;6;2,93;6,32;6;DÉMOCRATIE REPRÉSENTATIVE;DÉMOCRATIE REPRÉSENTATIVE;TRAORÉ Hamada;0;0,00;0,00;7;ENSEMBLE PATRIOTES;ENSEMBLE PATRIOTES ET GILETS JAUNES : POUR LA FRANCE, SORTONS DE L'UNION EUROPÉENNE !;PHILIPPOT Florian;0;0,00;0,00;8;PACE;PACE - PARTI DES CITOYENS EUROPÉENS;ALEXANDRE Audric;0;0,00;0,00;9;URGENCE ÉCOLOGIE;URGENCE ÉCOLOGIE;BOURG Dominique;3;1,46;3,16;10;LISTE DE LA RECONQUÊTE;LISTE DE LA RECONQUÊTE;VAUCLIN Vincent;0;0,00;0,00;11;LES EUROPÉENS;LES EUROPÉENS;LAGARDE Jean-Christophe;2;0,98;2,11;12;ENVIE D'EUROPE;ENVIE D'EUROPE ÉCOLOGIQUE ET SOCIALE;GLUCKSMANN Raphaël;2;0,98;2,11;13;PARTI FED. EUROPÉEN;PARTI FÉDÉRALISTE EUROPÉEN - POUR UNE EUROPE QUI PROTÈGE SES CITOYENS;GERNIGON Yves;0;0,00;0,00;14;INITIATIVE CITOYENNE;MOUVEMENT POUR L'INITIATIVE CITOYENNE;HELGEN Gilles;0;0,00;0,00;15;DEBOUT LA FRANCE;LE COURAGE DE DÉFENDRE LES FRANÇAIS AVEC NICOLAS DUPONT-AIGNAN. DEBOUT LA FRANCE ! - CNIP;DUPONT-AIGNAN Nicolas;3;1,46;3,16;16;ALLONS ENFANTS;ALLONS ENFANTS;CAILLAUD Sophie;0;0,00;0,00;17;DÉCROISSANCE 2019;DÉCROISSANCE 2019;DELFEL Thérèse;0;0,00;0,00;18;LUTTE OUVRIÈRE;LUTTE OUVRIÈRE - CONTRE LE GRAND CAPITAL, LE CAMP DES TRAVAILLEURS;ARTHAUD Nathalie;0;0,00;0,00;19;POUR L'EUROPE DES GENS;POUR L'EUROPE DES GENS CONTRE L'EUROPE DE L'ARGENT;BROSSAT Ian;0;0,00;0,00;20;ENSEMBLE POUR LE FREXIT;ENSEMBLE POUR LE FREXIT;ASSELINEAU François;1;0,49;1,05;21;LISTE CITOYENNE;LISTE CITOYENNE DU PRINTEMPS EUROPÉEN AVEC BENOÎT HAMON SOUTENUE PAR GÉNÉRATION.S ET DÈME-DIEM 25;HAMON Benoît;0;0,00;0,00;22;À VOIX ÉGALES;À VOIX ÉGALES;TOMASINI Nathalie;0;0,00;0,00;23;PRENEZ LE POUVOIR;PRENEZ LE POUVOIR, LISTE SOUTENUE PAR MARINE LE PEN;BARDELLA Jordan;51;24,88;53,68;24;NEUTRE ET ACTIF;NEUTRE ET ACTIF;CORBET Cathy Denise Ginette;0;0,00;0,00;25;RÉVOLUTIONNAIRE;PARTI RÉVOLUTIONNAIRE COMMUNISTES;SANCHEZ Antonio;0;0,00;0,00;26;ESPERANTO;ESPÉRANTO - LANGUE COMMUNE ÉQUITABLE POUR L'EUROPE;DIEUMEGARD Pierre;0;0,00;0,00;27;ÉVOLUTION CITOYENNE;ÉVOLUTION CITOYENNE;CHALENÇON Christophe;0;0,00;0,00;28;ALLIANCE JAUNE;ALLIANCE JAUNE, LA RÉVOLTE PAR LE VOTE;LALANNE Francis;0;0,00;0,00;29;UNION DROITE-CENTRE;UNION DE LA DROITE ET DU CENTRE;BELLAMY François-Xavier;7;3,41;7,37;30;EUROPE ÉCOLOGIE;EUROPE ÉCOLOGIE;JADOT Yannick;10;4,88;10,53;31;PARTI ANIMALISTE;PARTI ANIMALISTE;THOUY Hélène;8;3,90;8,42;32;LES OUBLIES DE L'EUROPE;LES OUBLIÉS DE L'EUROPE - ARTISANS, COMMERÇANTS, PROFESSIONS LIBÉRALES ET INDÉPENDANTS - ACPLI -;BIDOU Olivier;1;0,49;1,05;33;UDLEF;UDLEF (UNION DÉMOCRATIQUE POUR LA LIBERTÉ ÉGALITÉ FRATERNITÉ);PERSON Christian Luc;0;0,00;0,00;34;EUROPE AU SERVICE PEUPLES;UNE EUROPE AU SERVICE DES PEUPLES;AZERGUI Nagib;0;0,00;0,00
06;Alpes-Maritimes;083;Menton;0020;684;372;54,39;312;45,61;7;1,02;2,24;9;1,32;2,88;296;43,27;94,87;1;LA FRANCE INSOUMISE;LA FRANCE INSOUMISE;AUBRY Manon;12;1,75;4,05;2;UNE FRANCE ROYALE;UNE FRANCE ROYALE AU COEUR DE L'EUROPE;DE PREVOISIN Robert;0;0,00;0,00;3;LA LIGNE CLAIRE;LA LIGNE CLAIRE;CAMUS Renaud;0;0,00;0,00;4;PARTI PIRATE;PARTI PIRATE;MARIE Florie;0;0,00;0,00;5;RENAISSANCE;RENAISSANCE SOUTENUE PAR LA RÉPUBLIQUE EN MARCHE, LE MODEM ET SES PARTENAIRES;LOISEAU Nathalie;44;6,43;14,86;6;DÉMOCRATIE REPRÉSENTATIVE;DÉMOCRATIE REPRÉSENTATIVE;TRAORÉ Hamada;0;0,00;0,00;7;ENSEMBLE PATRIOTES;ENSEMBLE PATRIOTES ET GILETS JAUNES : POUR LA FRANCE, SORTONS DE L'UNION EUROPÉENNE !;PHILIPPOT Florian;5;0,73;1,69;8;PACE;PACE - PARTI DES CITOYENS EUROPÉENS;ALEXANDRE Audric;0;0,00;0,00;9;URGENCE ÉCOLOGIE;URGENCE ÉCOLOGIE;BOURG Dominique;6;0,88;2,03;10;LISTE DE LA RECONQUÊTE;LISTE DE LA RECONQUÊTE;VAUCLIN Vincent;0;0,00;0,00;11;LES EUROPÉENS;LES EUROPÉENS;LAGARDE Jean-Christophe;1;0,15;0,34;12;ENVIE D'EUROPE;ENVIE D'EUROPE ÉCOLOGIQUE ET SOCIALE;GLUCKSMANN Raphaël;17;2,49;5,74;13;PARTI FED. EUROPÉEN;PARTI FÉDÉRALISTE EUROPÉEN - POUR UNE EUROPE QUI PROTÈGE SES CITOYENS;GERNIGON Yves;0;0,00;0,00;14;INITIATIVE CITOYENNE;MOUVEMENT POUR L'INITIATIVE CITOYENNE;HELGEN Gilles;0;0,00;0,00;15;DEBOUT LA FRANCE;LE COURAGE DE DÉFENDRE LES FRANÇAIS AVEC NICOLAS DUPONT-AIGNAN. DEBOUT LA FRANCE ! - CNIP;DUPONT-AIGNAN Nicolas;8;1,17;2,70;16;ALLONS ENFANTS;ALLONS ENFANTS;CAILLAUD Sophie;0;0,00;0,00;17;DÉCROISSANCE 2019;DÉCROISSANCE 2019;DELFEL Thérèse;0;0,00;0,00;18;LUTTE OUVRIÈRE;LUTTE OUVRIÈRE - CONTRE LE GRAND CAPITAL, LE CAMP DES TRAVAILLEURS;ARTHAUD Nathalie;0;0,00;0,00;19;POUR L'EUROPE DES GENS;POUR L'EUROPE DES GENS CONTRE L'EUROPE DE L'ARGENT;BROSSAT Ian;4;0,58;1,35;20;ENSEMBLE POUR LE FREXIT;ENSEMBLE POUR LE FREXIT;ASSELINEAU François;3;0,44;1,01;21;LISTE CITOYENNE;LISTE CITOYENNE DU PRINTEMPS EUROPÉEN AVEC BENOÎT HAMON SOUTENUE PAR GÉNÉRATION.S ET DÈME-DIEM 25;HAMON Benoît;3;0,44;1,01;22;À VOIX ÉGALES;À VOIX ÉGALES;TOMASINI Nathalie;0;0,00;0,00;23;PRENEZ LE POUVOIR;PRENEZ LE POUVOIR, LISTE SOUTENUE PAR MARINE LE PEN;BARDELLA Jordan;111;16,23;37,50;24;NEUTRE ET ACTIF;NEUTRE ET ACTIF;CORBET Cathy Denise Ginette;0;0,00;0,00;25;RÉVOLUTIONNAIRE;PARTI RÉVOLUTIONNAIRE COMMUNISTES;SANCHEZ Antonio;0;0,00;0,00;26;ESPERANTO;ESPÉRANTO - LANGUE COMMUNE ÉQUITABLE POUR L'EUROPE;DIEUMEGARD Pierre;0;0,00;0,00;27;ÉVOLUTION CITOYENNE;ÉVOLUTION CITOYENNE;CHALENÇON Christophe;0;0,00;0,00;28;ALLIANCE JAUNE;ALLIANCE JAUNE, LA RÉVOLTE PAR LE VOTE;LALANNE Francis;0;0,00;0,00;29;UNION DROITE-CENTRE;UNION DE LA DROITE ET DU CENTRE;BELLAMY François-Xavier;38;5,56;12,84;30;EUROPE ÉCOLOGIE;EUROPE ÉCOLOGIE;JADOT Yannick;34;4,97;11,49;31;PARTI ANIMALISTE;PARTI ANIMALISTE;THOUY Hélène;9;1,32;3,04;32;LES OUBLIES DE L'EUROPE;LES OUBLIÉS DE L'EUROPE - ARTISANS, COMMERÇANTS, PROFESSIONS LIBÉRALES ET INDÉPENDANTS - ACPLI -;BIDOU Olivier;1;0,15;0,34;33;UDLEF;UDLEF (UNION DÉMOCRATIQUE POUR LA LIBERTÉ ÉGALITÉ FRATERNITÉ);PERSON Christian Luc;0;0,00;0,00;34;EUROPE AU SERVICE PEUPLES;UNE EUROPE AU SERVICE DES PEUPLES;AZERGUI Nagib;0;0,00;0,00
06;Alpes-Maritimes;083;Menton;0021;616;292;47,40;324;52,60;4;0,65;1,23;11;1,79;3,40;309;50,16;95,37;1;LA FRANCE INSOUMISE;LA FRANCE INSOUMISE;AUBRY Manon;17;2,76;5,50;2;UNE FRANCE ROYALE;UNE FRANCE ROYALE AU COEUR DE L'EUROPE;DE PREVOISIN Robert;0;0,00;0,00;3;LA LIGNE CLAIRE;LA LIGNE CLAIRE;CAMUS Renaud;0;0,00;0,00;4;PARTI PIRATE;PARTI PIRATE;MARIE Florie;0;0,00;0,00;5;RENAISSANCE;RENAISSANCE SOUTENUE PAR LA RÉPUBLIQUE EN MARCHE, LE MODEM ET SES PARTENAIRES;LOISEAU Nathalie;50;8,12;16,18;6;DÉMOCRATIE REPRÉSENTATIVE;DÉMOCRATIE REPRÉSENTATIVE;TRAORÉ Hamada;0;0,00;0,00;7;ENSEMBLE PATRIOTES;ENSEMBLE PATRIOTES ET GILETS JAUNES : POUR LA FRANCE, SORTONS DE L'UNION EUROPÉENNE !;PHILIPPOT Florian;2;0,32;0,65;8;PACE;PACE - PARTI DES CITOYENS EUROPÉENS;ALEXANDRE Audric;0;0,00;0,00;9;URGENCE ÉCOLOGIE;URGENCE ÉCOLOGIE;BOURG Dominique;9;1,46;2,91;10;LISTE DE LA RECONQUÊTE;LISTE DE LA RECONQUÊTE;VAUCLIN Vincent;0;0,00;0,00;11;LES EUROPÉENS;LES EUROPÉENS;LAGARDE Jean-Christophe;7;1,14;2,27;12;ENVIE D'EUROPE;ENVIE D'EUROPE ÉCOLOGIQUE ET SOCIALE;GLUCKSMANN Raphaël;10;1,62;3,24;13;PARTI FED. EUROPÉEN;PARTI FÉDÉRALISTE EUROPÉEN - POUR UNE EUROPE QUI PROTÈGE SES CITOYENS;GERNIGON Yves;0;0,00;0,00;14;INITIATIVE CITOYENNE;MOUVEMENT POUR L'INITIATIVE CITOYENNE;HELGEN Gilles;0;0,00;0,00;15;DEBOUT LA FRANCE;LE COURAGE DE DÉFENDRE LES FRANÇAIS AVEC NICOLAS DUPONT-AIGNAN. DEBOUT LA FRANCE ! - CNIP;DUPONT-AIGNAN Nicolas;9;1,46;2,91;16;ALLONS ENFANTS;ALLONS ENFANTS;CAILLAUD Sophie;0;0,00;0,00;17;DÉCROISSANCE 2019;DÉCROISSANCE 2019;DELFEL Thérèse;0;0,00;0,00;18;LUTTE OUVRIÈRE;LUTTE OUVRIÈRE - CONTRE LE GRAND CAPITAL, LE CAMP DES TRAVAILLEURS;ARTHAUD Nathalie;3;0,49;0,97;19;POUR L'EUROPE DES GENS;POUR L'EUROPE DES GENS CONTRE L'EUROPE DE L'ARGENT;BROSSAT Ian;7;1,14;2,27;20;ENSEMBLE POUR LE FREXIT;ENSEMBLE POUR LE FREXIT;ASSELINEAU François;4;0,65;1,29;21;LISTE CITOYENNE;LISTE CITOYENNE DU PRINTEMPS EUROPÉEN AVEC BENOÎT HAMON SOUTENUE PAR GÉNÉRATION.S ET DÈME-DIEM 25;HAMON Benoît;3;0,49;0,97;22;À VOIX ÉGALES;À VOIX ÉGALES;TOMASINI Nathalie;0;0,00;0,00;23;PRENEZ LE POUVOIR;PRENEZ LE POUVOIR, LISTE SOUTENUE PAR MARINE LE PEN;BARDELLA Jordan;108;17,53;34,95;24;NEUTRE ET ACTIF;NEUTRE ET ACTIF;CORBET Cathy Denise Ginette;0;0,00;0,00;25;RÉVOLUTIONNAIRE;PARTI RÉVOLUTIONNAIRE COMMUNISTES;SANCHEZ Antonio;0;0,00;0,00;26;ESPERANTO;ESPÉRANTO - LANGUE COMMUNE ÉQUITABLE POUR L'EUROPE;DIEUMEGARD Pierre;0;0,00;0,00;27;ÉVOLUTION CITOYENNE;ÉVOLUTION CITOYENNE;CHALENÇON Christophe;0;0,00;0,00;28;ALLIANCE JAUNE;ALLIANCE JAUNE, LA RÉVOLTE PAR LE VOTE;LALANNE Francis;4;0,65;1,29;29;UNION DROITE-CENTRE;UNION DE LA DROITE ET DU CENTRE;BELLAMY François-Xavier;34;5,52;11,00;30;EUROPE ÉCOLOGIE;EUROPE ÉCOLOGIE;JADOT Yannick;31;5,03;10,03;31;PARTI ANIMALISTE;PARTI ANIMALISTE;THOUY Hélène;6;0,97;1,94;32;LES OUBLIES DE L'EUROPE;LES OUBLIÉS DE L'EUROPE - ARTISANS, COMMERÇANTS, PROFESSIONS LIBÉRALES ET INDÉPENDANTS - ACPLI -;BIDOU Olivier;1;0,16;0,32;33;UDLEF;UDLEF (UNION DÉMOCRATIQUE POUR LA LIBERTÉ ÉGALITÉ FRATERNITÉ);PERSON Christian Luc;0;0,00;0,00;34;EUROPE AU SERVICE PEUPLES;UNE EUROPE AU SERVICE DES PEUPLES;AZERGUI Nagib;4;0,65;1,29
06;Alpes-Maritimes;083;Menton;0022;583;252;43,22;331;56,78;2;0,34;0,60;11;1,89;3,32;318;54,55;96,07;1;LA FRANCE INSOUMISE;LA FRANCE INSOUMISE;AUBRY Manon;10;1,72;3,14;2;UNE FRANCE ROYALE;UNE FRANCE ROYALE AU COEUR DE L'EUROPE;DE PREVOISIN Robert;0;0,00;0,00;3;LA LIGNE CLAIRE;LA LIGNE CLAIRE;CAMUS Renaud;0;0,00;0,00;4;PARTI PIRATE;PARTI PIRATE;MARIE Florie;0;0,00;0,00;5;RENAISSANCE;RENAISSANCE SOUTENUE PAR LA RÉPUBLIQUE EN MARCHE, LE MODEM ET SES PARTENAIRES;LOISEAU Nathalie;87;14,92;27,36;6;DÉMOCRATIE REPRÉSENTATIVE;DÉMOCRATIE REPRÉSENTATIVE;TRAORÉ Hamada;0;0,00;0,00;7;ENSEMBLE PATRIOTES;ENSEMBLE PATRIOTES ET GILETS JAUNES : POUR LA FRANCE, SORTONS DE L'UNION EUROPÉENNE !;PHILIPPOT Florian;0;0,00;0,00;8;PACE;PACE - PARTI DES CITOYENS EUROPÉENS;ALEXANDRE Audric;0;0,00;0,00;9;URGENCE ÉCOLOGIE;URGENCE ÉCOLOGIE;BOURG Dominique;3;0,51;0,94;10;LISTE DE LA RECONQUÊTE;LISTE DE LA RECONQUÊTE;VAUCLIN Vincent;0;0,00;0,00;11;LES EUROPÉENS;LES EUROPÉENS;LAGARDE Jean-Christophe;4;0,69;1,26;12;ENVIE D'EUROPE;ENVIE D'EUROPE ÉCOLOGIQUE ET SOCIALE;GLUCKSMANN Raphaël;10;1,72;3,14;13;PARTI FED. EUROPÉEN;PARTI FÉDÉRALISTE EUROPÉEN - POUR UNE EUROPE QUI PROTÈGE SES CITOYENS;GERNIGON Yves;0;0,00;0,00;14;INITIATIVE CITOYENNE;MOUVEMENT POUR L'INITIATIVE CITOYENNE;HELGEN Gilles;0;0,00;0,00;15;DEBOUT LA FRANCE;LE COURAGE DE DÉFENDRE LES FRANÇAIS AVEC NICOLAS DUPONT-AIGNAN. DEBOUT LA FRANCE ! - CNIP;DUPONT-AIGNAN Nicolas;10;1,72;3,14;16;ALLONS ENFANTS;ALLONS ENFANTS;CAILLAUD Sophie;0;0,00;0,00;17;DÉCROISSANCE 2019;DÉCROISSANCE 2019;DELFEL Thérèse;0;0,00;0,00;18;LUTTE OUVRIÈRE;LUTTE OUVRIÈRE - CONTRE LE GRAND CAPITAL, LE CAMP DES TRAVAILLEURS;ARTHAUD Nathalie;0;0,00;0,00;19;POUR L'EUROPE DES GENS;POUR L'EUROPE DES GENS CONTRE L'EUROPE DE L'ARGENT;BROSSAT Ian;7;1,20;2,20;20;ENSEMBLE POUR LE FREXIT;ENSEMBLE POUR LE FREXIT;ASSELINEAU François;0;0,00;0,00;21;LISTE CITOYENNE;LISTE CITOYENNE DU PRINTEMPS EUROPÉEN AVEC BENOÎT HAMON SOUTENUE PAR GÉNÉRATION.S ET DÈME-DIEM 25;HAMON Benoît;3;0,51;0,94;22;À VOIX ÉGALES;À VOIX ÉGALES;TOMASINI Nathalie;0;0,00;0,00;23;PRENEZ LE POUVOIR;PRENEZ LE POUVOIR, LISTE SOUTENUE PAR MARINE LE PEN;BARDELLA Jordan;108;18,52;33,96;24;NEUTRE ET ACTIF;NEUTRE ET ACTIF;CORBET Cathy Denise Ginette;0;0,00;0,00;25;RÉVOLUTIONNAIRE;PARTI RÉVOLUTIONNAIRE COMMUNISTES;SANCHEZ Antonio;0;0,00;0,00;26;ESPERANTO;ESPÉRANTO - LANGUE COMMUNE ÉQUITABLE POUR L'EUROPE;DIEUMEGARD Pierre;0;0,00;0,00;27;ÉVOLUTION CITOYENNE;ÉVOLUTION CITOYENNE;CHALENÇON Christophe;0;0,00;0,00;28;ALLIANCE JAUNE;ALLIANCE JAUNE, LA RÉVOLTE PAR LE VOTE;LALANNE Francis;0;0,00;0,00;29;UNION DROITE-CENTRE;UNION DE LA DROITE ET DU CENTRE;BELLAMY François-Xavier;54;9,26;16,98;30;EUROPE ÉCOLOGIE;EUROPE ÉCOLOGIE;JADOT Yannick;21;3,60;6,60;31;PARTI ANIMALISTE;PARTI ANIMALISTE;THOUY Hélène;1;0,17;0,31;32;LES OUBLIES DE L'EUROPE;LES OUBLIÉS DE L'EUROPE - ARTISANS, COMMERÇANTS, PROFESSIONS LIBÉRALES ET INDÉPENDANTS - ACPLI -;BIDOU Olivier;0;0,00;0,00;33;UDLEF;UDLEF (UNION DÉMOCRATIQUE POUR LA LIBERTÉ ÉGALITÉ FRATERNITÉ);PERSON Christian Luc;0;0,00;0,00;34;EUROPE AU SERVICE PEUPLES;UNE EUROPE AU SERVICE DES PEUPLES;AZERGUI Nagib;0;0,00;0,00
06;Alpes-Maritimes;083;Menton;0023;602;223;37,04;379;62,96;5;0,83;1,32;5;0,83;1,32;369;61,30;97,36;1;LA FRANCE INSOUMISE;LA FRANCE INSOUMISE;AUBRY Manon;8;1,33;2,17;2;UNE FRANCE ROYALE;UNE FRANCE ROYALE AU COEUR DE L'EUROPE;DE PREVOISIN Robert;0;0,00;0,00;3;LA LIGNE CLAIRE;LA LIGNE CLAIRE;CAMUS Renaud;0;0,00;0,00;4;PARTI PIRATE;PARTI PIRATE;MARIE Florie;0;0,00;0,00;5;RENAISSANCE;RENAISSANCE SOUTENUE PAR LA RÉPUBLIQUE EN MARCHE, LE MODEM ET SES PARTENAIRES;LOISEAU Nathalie;91;15,12;24,66;6;DÉMOCRATIE REPRÉSENTATIVE;DÉMOCRATIE REPRÉSENTATIVE;TRAORÉ Hamada;0;0,00;0,00;7;ENSEMBLE PATRIOTES;ENSEMBLE PATRIOTES ET GILETS JAUNES : POUR LA FRANCE, SORTONS DE L'UNION EUROPÉENNE !;PHILIPPOT Florian;5;0,83;1,36;8;PACE;PACE - PARTI DES CITOYENS EUROPÉENS;ALEXANDRE Audric;0;0,00;0,00;9;URGENCE ÉCOLOGIE;URGENCE ÉCOLOGIE;BOURG Dominique;6;1,00;1,63;10;LISTE DE LA RECONQUÊTE;LISTE DE LA RECONQUÊTE;VAUCLIN Vincent;0;0,00;0,00;11;LES EUROPÉENS;LES EUROPÉENS;LAGARDE Jean-Christophe;4;0,66;1,08;12;ENVIE D'EUROPE;ENVIE D'EUROPE ÉCOLOGIQUE ET SOCIALE;GLUCKSMANN Raphaël;20;3,32;5,42;13;PARTI FED. EUROPÉEN;PARTI FÉDÉRALISTE EUROPÉEN - POUR UNE EUROPE QUI PROTÈGE SES CITOYENS;GERNIGON Yves;0;0,00;0,00;14;INITIATIVE CITOYENNE;MOUVEMENT POUR L'INITIATIVE CITOYENNE;HELGEN Gilles;0;0,00;0,00;15;DEBOUT LA FRANCE;LE COURAGE DE DÉFENDRE LES FRANÇAIS AVEC NICOLAS DUPONT-AIGNAN. DEBOUT LA FRANCE ! - CNIP;DUPONT-AIGNAN Nicolas;16;2,66;4,34;16;ALLONS ENFANTS;ALLONS ENFANTS;CAILLAUD Sophie;0;0,00;0,00;17;DÉCROISSANCE 2019;DÉCROISSANCE 2019;DELFEL Thérèse;0;0,00;0,00;18;LUTTE OUVRIÈRE;LUTTE OUVRIÈRE - CONTRE LE GRAND CAPITAL, LE CAMP DES TRAVAILLEURS;ARTHAUD Nathalie;0;0,00;0,00;19;POUR L'EUROPE DES GENS;POUR L'EUROPE DES GENS CONTRE L'EUROPE DE L'ARGENT;BROSSAT Ian;2;0,33;0,54;20;ENSEMBLE POUR LE FREXIT;ENSEMBLE POUR LE FREXIT;ASSELINEAU François;1;0,17;0,27;21;LISTE CITOYENNE;LISTE CITOYENNE DU PRINTEMPS EUROPÉEN AVEC BENOÎT HAMON SOUTENUE PAR GÉNÉRATION.S ET DÈME-DIEM 25;HAMON Benoît;6;1,00;1,63;22;À VOIX ÉGALES;À VOIX ÉGALES;TOMASINI Nathalie;0;0,00;0,00;23;PRENEZ LE POUVOIR;PRENEZ LE POUVOIR, LISTE SOUTENUE PAR MARINE LE PEN;BARDELLA Jordan;120;19,93;32,52;24;NEUTRE ET ACTIF;NEUTRE ET ACTIF;CORBET Cathy Denise Ginette;0;0,00;0,00;25;RÉVOLUTIONNAIRE;PARTI RÉVOLUTIONNAIRE COMMUNISTES;SANCHEZ Antonio;0;0,00;0,00;26;ESPERANTO;ESPÉRANTO - LANGUE COMMUNE ÉQUITABLE POUR L'EUROPE;DIEUMEGARD Pierre;0;0,00;0,00;27;ÉVOLUTION CITOYENNE;ÉVOLUTION CITOYENNE;CHALENÇON Christophe;0;0,00;0,00;28;ALLIANCE JAUNE;ALLIANCE JAUNE, LA RÉVOLTE PAR LE VOTE;LALANNE Francis;0;0,00;0,00;29;UNION DROITE-CENTRE;UNION DE LA DROITE ET DU CENTRE;BELLAMY François-Xavier;38;6,31;10,30;30;EUROPE ÉCOLOGIE;EUROPE ÉCOLOGIE;JADOT Yannick;47;7,81;12,74;31;PARTI ANIMALISTE;PARTI ANIMALISTE;THOUY Hélène;5;0,83;1,36;32;LES OUBLIES DE L'EUROPE;LES OUBLIÉS DE L'EUROPE - ARTISANS, COMMERÇANTS, PROFESSIONS LIBÉRALES ET INDÉPENDANTS - ACPLI -;BIDOU Olivier;0;0,00;0,00;33;UDLEF;UDLEF (UNION DÉMOCRATIQUE POUR LA LIBERTÉ ÉGALITÉ FRATERNITÉ);PERSON Christian Luc;0;0,00;0,00;34;EUROPE AU SERVICE PEUPLES;UNE EUROPE AU SERVICE DES PEUPLES;AZERGUI Nagib;0;0,00;0,00
06;Alpes-Maritimes;083;Menton;0024;939;542;57,72;397;42,28;12;1,28;3,02;11;1,17;2,77;374;39,83;94,21;1;LA FRANCE INSOUMISE;LA FRANCE INSOUMISE;AUBRY Manon;18;1,92;4,81;2;UNE FRANCE ROYALE;UNE FRANCE ROYALE AU COEUR DE L'EUROPE;DE PREVOISIN Robert;0;0,00;0,00;3;LA LIGNE CLAIRE;LA LIGNE CLAIRE;CAMUS Renaud;0;0,00;0,00;4;PARTI PIRATE;PARTI PIRATE;MARIE Florie;0;0,00;0,00;5;RENAISSANCE;RENAISSANCE SOUTENUE PAR LA RÉPUBLIQUE EN MARCHE, LE MODEM ET SES PARTENAIRES;LOISEAU Nathalie;78;8,31;20,86;6;DÉMOCRATIE REPRÉSENTATIVE;DÉMOCRATIE REPRÉSENTATIVE;TRAORÉ Hamada;0;0,00;0,00;7;ENSEMBLE PATRIOTES;ENSEMBLE PATRIOTES ET GILETS JAUNES : POUR LA FRANCE, SORTONS DE L'UNION EUROPÉENNE !;PHILIPPOT Florian;0;0,00;0,00;8;PACE;PACE - PARTI DES CITOYENS EUROPÉENS;ALEXANDRE Audric;0;0,00;0,00;9;URGENCE ÉCOLOGIE;URGENCE ÉCOLOGIE;BOURG Dominique;8;0,85;2,14;10;LISTE DE LA RECONQUÊTE;LISTE DE LA RECONQUÊTE;VAUCLIN Vincent;0;0,00;0,00;11;LES EUROPÉENS;LES EUROPÉENS;LAGARDE Jean-Christophe;9;0,96;2,41;12;ENVIE D'EUROPE;ENVIE D'EUROPE ÉCOLOGIQUE ET SOCIALE;GLUCKSMANN Raphaël;14;1,49;3,74;13;PARTI FED. EUROPÉEN;PARTI FÉDÉRALISTE EUROPÉEN - POUR UNE EUROPE QUI PROTÈGE SES CITOYENS;GERNIGON Yves;0;0,00;0,00;14;INITIATIVE CITOYENNE;MOUVEMENT POUR L'INITIATIVE CITOYENNE;HELGEN Gilles;0;0,00;0,00;15;DEBOUT LA FRANCE;LE COURAGE DE DÉFENDRE LES FRANÇAIS AVEC NICOLAS DUPONT-AIGNAN. DEBOUT LA FRANCE ! - CNIP;DUPONT-AIGNAN Nicolas;21;2,24;5,61;16;ALLONS ENFANTS;ALLONS ENFANTS;CAILLAUD Sophie;0;0,00;0,00;17;DÉCROISSANCE 2019;DÉCROISSANCE 2019;DELFEL Thérèse;0;0,00;0,00;18;LUTTE OUVRIÈRE;LUTTE OUVRIÈRE - CONTRE LE GRAND CAPITAL, LE CAMP DES TRAVAILLEURS;ARTHAUD Nathalie;2;0,21;0,53;19;POUR L'EUROPE DES GENS;POUR L'EUROPE DES GENS CONTRE L'EUROPE DE L'ARGENT;BROSSAT Ian;6;0,64;1,60;20;ENSEMBLE POUR LE FREXIT;ENSEMBLE POUR LE FREXIT;ASSELINEAU François;7;0,75;1,87;21;LISTE CITOYENNE;LISTE CITOYENNE DU PRINTEMPS EUROPÉEN AVEC BENOÎT HAMON SOUTENUE PAR GÉNÉRATION.S ET DÈME-DIEM 25;HAMON Benoît;2;0,21;0,53;22;À VOIX ÉGALES;À VOIX ÉGALES;TOMASINI Nathalie;0;0,00;0,00;23;PRENEZ LE POUVOIR;PRENEZ LE POUVOIR, LISTE SOUTENUE PAR MARINE LE PEN;BARDELLA Jordan;126;13,42;33,69;24;NEUTRE ET ACTIF;NEUTRE ET ACTIF;CORBET Cathy Denise Ginette;0;0,00;0,00;25;RÉVOLUTIONNAIRE;PARTI RÉVOLUTIONNAIRE COMMUNISTES;SANCHEZ Antonio;0;0,00;0,00;26;ESPERANTO;ESPÉRANTO - LANGUE COMMUNE ÉQUITABLE POUR L'EUROPE;DIEUMEGARD Pierre;0;0,00;0,00;27;ÉVOLUTION CITOYENNE;ÉVOLUTION CITOYENNE;CHALENÇON Christophe;0;0,00;0,00;28;ALLIANCE JAUNE;ALLIANCE JAUNE, LA RÉVOLTE PAR LE VOTE;LALANNE Francis;2;0,21;0,53;29;UNION DROITE-CENTRE;UNION DE LA DROITE ET DU CENTRE;BELLAMY François-Xavier;22;2,34;5,88;30;EUROPE ÉCOLOGIE;EUROPE ÉCOLOGIE;JADOT Yannick;50;5,32;13,37;31;PARTI ANIMALISTE;PARTI ANIMALISTE;THOUY Hélène;8;0,85;2,14;32;LES OUBLIES DE L'EUROPE;LES OUBLIÉS DE L'EUROPE - ARTISANS, COMMERÇANTS, PROFESSIONS LIBÉRALES ET INDÉPENDANTS - ACPLI -;BIDOU Olivier;0;0,00;0,00;33;UDLEF;UDLEF (UNION DÉMOCRATIQUE POUR LA LIBERTÉ ÉGALITÉ FRATERNITÉ);PERSON Christian Luc;0;0,00;0,00;34;EUROPE AU SERVICE PEUPLES;UNE EUROPE AU SERVICE DES PEUPLES;AZERGUI Nagib;1;0,11;0,27
06;Alpes-Maritimes;083;Menton;0025;1025;485;47,32;540;52,68;12;1,17;2,22;15;1,46;2,78;513;50,05;95,00;1;LA FRANCE INSOUMISE;LA FRANCE INSOUMISE;AUBRY Manon;24;2,34;4,68;2;UNE FRANCE ROYALE;UNE FRANCE ROYALE AU COEUR DE L'EUROPE;DE PREVOISIN Robert;0;0,00;0,00;3;LA LIGNE CLAIRE;LA LIGNE CLAIRE;CAMUS Renaud;0;0,00;0,00;4;PARTI PIRATE;PARTI PIRATE;MARIE Florie;0;0,00;0,00;5;RENAISSANCE;RENAISSANCE SOUTENUE PAR LA RÉPUBLIQUE EN MARCHE, LE MODEM ET SES PARTENAIRES;LOISEAU Nathalie;128;12,49;24,95;6;DÉMOCRATIE REPRÉSENTATIVE;DÉMOCRATIE REPRÉSENTATIVE;TRAORÉ Hamada;0;0,00;0,00;7;ENSEMBLE PATRIOTES;ENSEMBLE PATRIOTES ET GILETS JAUNES : POUR LA FRANCE, SORTONS DE L'UNION EUROPÉENNE !;PHILIPPOT Florian;1;0,10;0,19;8;PACE;PACE - PARTI DES CITOYENS EUROPÉENS;ALEXANDRE Audric;0;0,00;0,00;9;URGENCE ÉCOLOGIE;URGENCE ÉCOLOGIE;BOURG Dominique;11;1,07;2,14;10;LISTE DE LA RECONQUÊTE;LISTE DE LA RECONQUÊTE;VAUCLIN Vincent;0;0,00;0,00;11;LES EUROPÉENS;LES EUROPÉENS;LAGARDE Jean-Christophe;18;1,76;3,51;12;ENVIE D'EUROPE;ENVIE D'EUROPE ÉCOLOGIQUE ET SOCIALE;GLUCKSMANN Raphaël;12;1,17;2,34;13;PARTI FED. EUROPÉEN;PARTI FÉDÉRALISTE EUROPÉEN - POUR UNE EUROPE QUI PROTÈGE SES CITOYENS;GERNIGON Yves;0;0,00;0,00;14;INITIATIVE CITOYENNE;MOUVEMENT POUR L'INITIATIVE CITOYENNE;HELGEN Gilles;0;0,00;0,00;15;DEBOUT LA FRANCE;LE COURAGE DE DÉFENDRE LES FRANÇAIS AVEC NICOLAS DUPONT-AIGNAN. DEBOUT LA FRANCE ! - CNIP;DUPONT-AIGNAN Nicolas;23;2,24;4,48;16;ALLONS ENFANTS;ALLONS ENFANTS;CAILLAUD Sophie;0;0,00;0,00;17;DÉCROISSANCE 2019;DÉCROISSANCE 2019;DELFEL Thérèse;0;0,00;0,00;18;LUTTE OUVRIÈRE;LUTTE OUVRIÈRE - CONTRE LE GRAND CAPITAL, LE CAMP DES TRAVAILLEURS;ARTHAUD Nathalie;1;0,10;0,19;19;POUR L'EUROPE DES GENS;POUR L'EUROPE DES GENS CONTRE L'EUROPE DE L'ARGENT;BROSSAT Ian;5;0,49;0,97;20;ENSEMBLE POUR LE FREXIT;ENSEMBLE POUR LE FREXIT;ASSELINEAU François;7;0,68;1,36;21;LISTE CITOYENNE;LISTE CITOYENNE DU PRINTEMPS EUROPÉEN AVEC BENOÎT HAMON SOUTENUE PAR GÉNÉRATION.S ET DÈME-DIEM 25;HAMON Benoît;4;0,39;0,78;22;À VOIX ÉGALES;À VOIX ÉGALES;TOMASINI Nathalie;0;0,00;0,00;23;PRENEZ LE POUVOIR;PRENEZ LE POUVOIR, LISTE SOUTENUE PAR MARINE LE PEN;BARDELLA Jordan;161;15,71;31,38;24;NEUTRE ET ACTIF;NEUTRE ET ACTIF;CORBET Cathy Denise Ginette;0;0,00;0,00;25;RÉVOLUTIONNAIRE;PARTI RÉVOLUTIONNAIRE COMMUNISTES;SANCHEZ Antonio;0;0,00;0,00;26;ESPERANTO;ESPÉRANTO - LANGUE COMMUNE ÉQUITABLE POUR L'EUROPE;DIEUMEGARD Pierre;0;0,00;0,00;27;ÉVOLUTION CITOYENNE;ÉVOLUTION CITOYENNE;CHALENÇON Christophe;0;0,00;0,00;28;ALLIANCE JAUNE;ALLIANCE JAUNE, LA RÉVOLTE PAR LE VOTE;LALANNE Francis;3;0,29;0,58;29;UNION DROITE-CENTRE;UNION DE LA DROITE ET DU CENTRE;BELLAMY François-Xavier;60;5,85;11,70;30;EUROPE ÉCOLOGIE;EUROPE ÉCOLOGIE;JADOT Yannick;43;4,20;8,38;31;PARTI ANIMALISTE;PARTI ANIMALISTE;THOUY Hélène;10;0,98;1,95;32;LES OUBLIES DE L'EUROPE;LES OUBLIÉS DE L'EUROPE - ARTISANS, COMMERÇANTS, PROFESSIONS LIBÉRALES ET INDÉPENDANTS - ACPLI -;BIDOU Olivier;1;0,10;0,19;33;UDLEF;UDLEF (UNION DÉMOCRATIQUE POUR LA LIBERTÉ ÉGALITÉ FRATERNITÉ);PERSON Christian Luc;0;0,00;0,00;34;EUROPE AU SERVICE PEUPLES;UNE EUROPE AU SERVICE DES PEUPLES;AZERGUI Nagib;1;0,10;0,19
06;Alpes-Maritimes;083;Menton;0026;868;512;58,99;356;41,01;5;0,58;1,40;4;0,46;1,12;347;39,98;97,47;1;LA FRANCE INSOUMISE;LA FRANCE INSOUMISE;AUBRY Manon;20;2,30;5,76;2;UNE FRANCE ROYALE;UNE FRANCE ROYALE AU COEUR DE L'EUROPE;DE PREVOISIN Robert;0;0,00;0,00;3;LA LIGNE CLAIRE;LA LIGNE CLAIRE;CAMUS Renaud;0;0,00;0,00;4;PARTI PIRATE;PARTI PIRATE;MARIE Florie;0;0,00;0,00;5;RENAISSANCE;RENAISSANCE SOUTENUE PAR LA RÉPUBLIQUE EN MARCHE, LE MODEM ET SES PARTENAIRES;LOISEAU Nathalie;32;3,69;9,22;6;DÉMOCRATIE REPRÉSENTATIVE;DÉMOCRATIE REPRÉSENTATIVE;TRAORÉ Hamada;0;0,00;0,00;7;ENSEMBLE PATRIOTES;ENSEMBLE PATRIOTES ET GILETS JAUNES : POUR LA FRANCE, SORTONS DE L'UNION EUROPÉENNE !;PHILIPPOT Florian;1;0,12;0,29;8;PACE;PACE - PARTI DES CITOYENS EUROPÉENS;ALEXANDRE Audric;0;0,00;0,00;9;URGENCE ÉCOLOGIE;URGENCE ÉCOLOGIE;BOURG Dominique;3;0,35;0,86;10;LISTE DE LA RECONQUÊTE;LISTE DE LA RECONQUÊTE;VAUCLIN Vincent;0;0,00;0,00;11;LES EUROPÉENS;LES EUROPÉENS;LAGARDE Jean-Christophe;9;1,04;2,59;12;ENVIE D'EUROPE;ENVIE D'EUROPE ÉCOLOGIQUE ET SOCIALE;GLUCKSMANN Raphaël;6;0,69;1,73;13;PARTI FED. EUROPÉEN;PARTI FÉDÉRALISTE EUROPÉEN - POUR UNE EUROPE QUI PROTÈGE SES CITOYENS;GERNIGON Yves;0;0,00;0,00;14;INITIATIVE CITOYENNE;MOUVEMENT POUR L'INITIATIVE CITOYENNE;HELGEN Gilles;5;0,58;1,44;15;DEBOUT LA FRANCE;LE COURAGE DE DÉFENDRE LES FRANÇAIS AVEC NICOLAS DUPONT-AIGNAN. DEBOUT LA FRANCE ! - CNIP;DUPONT-AIGNAN Nicolas;6;0,69;1,73;16;ALLONS ENFANTS;ALLONS ENFANTS;CAILLAUD Sophie;0;0,00;0,00;17;DÉCROISSANCE 2019;DÉCROISSANCE 2019;DELFEL Thérèse;0;0,00;0,00;18;LUTTE OUVRIÈRE;LUTTE OUVRIÈRE - CONTRE LE GRAND CAPITAL, LE CAMP DES TRAVAILLEURS;ARTHAUD Nathalie;4;0,46;1,15;19;POUR L'EUROPE DES GENS;POUR L'EUROPE DES GENS CONTRE L'EUROPE DE L'ARGENT;BROSSAT Ian;4;0,46;1,15;20;ENSEMBLE POUR LE FREXIT;ENSEMBLE POUR LE FREXIT;ASSELINEAU François;6;0,69;1,73;21;LISTE CITOYENNE;LISTE CITOYENNE DU PRINTEMPS EUROPÉEN AVEC BENOÎT HAMON SOUTENUE PAR GÉNÉRATION.S ET DÈME-DIEM 25;HAMON Benoît;4;0,46;1,15;22;À VOIX ÉGALES;À VOIX ÉGALES;TOMASINI Nathalie;0;0,00;0,00;23;PRENEZ LE POUVOIR;PRENEZ LE POUVOIR, LISTE SOUTENUE PAR MARINE LE PEN;BARDELLA Jordan;137;15,78;39,48;24;NEUTRE ET ACTIF;NEUTRE ET ACTIF;CORBET Cathy Denise Ginette;0;0,00;0,00;25;RÉVOLUTIONNAIRE;PARTI RÉVOLUTIONNAIRE COMMUNISTES;SANCHEZ Antonio;0;0,00;0,00;26;ESPERANTO;ESPÉRANTO - LANGUE COMMUNE ÉQUITABLE POUR L'EUROPE;DIEUMEGARD Pierre;2;0,23;0,58;27;ÉVOLUTION CITOYENNE;ÉVOLUTION CITOYENNE;CHALENÇON Christophe;0;0,00;0,00;28;ALLIANCE JAUNE;ALLIANCE JAUNE, LA RÉVOLTE PAR LE VOTE;LALANNE Francis;3;0,35;0,86;29;UNION DROITE-CENTRE;UNION DE LA DROITE ET DU CENTRE;BELLAMY François-Xavier;56;6,45;16,14;30;EUROPE ÉCOLOGIE;EUROPE ÉCOLOGIE;JADOT Yannick;33;3,80;9,51;31;PARTI ANIMALISTE;PARTI ANIMALISTE;THOUY Hélène;14;1,61;4,03;32;LES OUBLIES DE L'EUROPE;LES OUBLIÉS DE L'EUROPE - ARTISANS, COMMERÇANTS, PROFESSIONS LIBÉRALES ET INDÉPENDANTS - ACPLI -;BIDOU Olivier;0;0,00;0,00;33;UDLEF;UDLEF (UNION DÉMOCRATIQUE POUR LA LIBERTÉ ÉGALITÉ FRATERNITÉ);PERSON Christian Luc;0;0,00;0,00;34;EUROPE AU SERVICE PEUPLES;UNE EUROPE AU SERVICE DES PEUPLES;AZERGUI Nagib;2;0,23;0,58
06;Alpes-Maritimes;083;Menton;0027;766;448;58,49;318;41,51;6;0,78;1,89;6;0,78;1,89;306;39,95;96,23;1;LA FRANCE INSOUMISE;LA FRANCE INSOUMISE;AUBRY Manon;10;1,31;3,27;2;UNE FRANCE ROYALE;UNE FRANCE ROYALE AU COEUR DE L'EUROPE;DE PREVOISIN Robert;0;0,00;0,00;3;LA LIGNE CLAIRE;LA LIGNE CLAIRE;CAMUS Renaud;0;0,00;0,00;4;PARTI PIRATE;PARTI PIRATE;MARIE Florie;0;0,00;0,00;5;RENAISSANCE;RENAISSANCE SOUTENUE PAR LA RÉPUBLIQUE EN MARCHE, LE MODEM ET SES PARTENAIRES;LOISEAU Nathalie;32;4,18;10,46;6;DÉMOCRATIE REPRÉSENTATIVE;DÉMOCRATIE REPRÉSENTATIVE;TRAORÉ Hamada;0;0,00;0,00;7;ENSEMBLE PATRIOTES;ENSEMBLE PATRIOTES ET GILETS JAUNES : POUR LA FRANCE, SORTONS DE L'UNION EUROPÉENNE !;PHILIPPOT Florian;5;0,65;1,63;8;PACE;PACE - PARTI DES CITOYENS EUROPÉENS;ALEXANDRE Audric;0;0,00;0,00;9;URGENCE ÉCOLOGIE;URGENCE ÉCOLOGIE;BOURG Dominique;1;0,13;0,33;10;LISTE DE LA RECONQUÊTE;LISTE DE LA RECONQUÊTE;VAUCLIN Vincent;0;0,00;0,00;11;LES EUROPÉENS;LES EUROPÉENS;LAGARDE Jean-Christophe;2;0,26;0,65;12;ENVIE D'EUROPE;ENVIE D'EUROPE ÉCOLOGIQUE ET SOCIALE;GLUCKSMANN Raphaël;7;0,91;2,29;13;PARTI FED. EUROPÉEN;PARTI FÉDÉRALISTE EUROPÉEN - POUR UNE EUROPE QUI PROTÈGE SES CITOYENS;GERNIGON Yves;0;0,00;0,00;14;INITIATIVE CITOYENNE;MOUVEMENT POUR L'INITIATIVE CITOYENNE;HELGEN Gilles;0;0,00;0,00;15;DEBOUT LA FRANCE;LE COURAGE DE DÉFENDRE LES FRANÇAIS AVEC NICOLAS DUPONT-AIGNAN. DEBOUT LA FRANCE ! - CNIP;DUPONT-AIGNAN Nicolas;8;1,04;2,61;16;ALLONS ENFANTS;ALLONS ENFANTS;CAILLAUD Sophie;0;0,00;0,00;17;DÉCROISSANCE 2019;DÉCROISSANCE 2019;DELFEL Thérèse;0;0,00;0,00;18;LUTTE OUVRIÈRE;LUTTE OUVRIÈRE - CONTRE LE GRAND CAPITAL, LE CAMP DES TRAVAILLEURS;ARTHAUD Nathalie;2;0,26;0,65;19;POUR L'EUROPE DES GENS;POUR L'EUROPE DES GENS CONTRE L'EUROPE DE L'ARGENT;BROSSAT Ian;4;0,52;1,31;20;ENSEMBLE POUR LE FREXIT;ENSEMBLE POUR LE FREXIT;ASSELINEAU François;6;0,78;1,96;21;LISTE CITOYENNE;LISTE CITOYENNE DU PRINTEMPS EUROPÉEN AVEC BENOÎT HAMON SOUTENUE PAR GÉNÉRATION.S ET DÈME-DIEM 25;HAMON Benoît;2;0,26;0,65;22;À VOIX ÉGALES;À VOIX ÉGALES;TOMASINI Nathalie;0;0,00;0,00;23;PRENEZ LE POUVOIR;PRENEZ LE POUVOIR, LISTE SOUTENUE PAR MARINE LE PEN;BARDELLA Jordan;151;19,71;49,35;24;NEUTRE ET ACTIF;NEUTRE ET ACTIF;CORBET Cathy Denise Ginette;0;0,00;0,00;25;RÉVOLUTIONNAIRE;PARTI RÉVOLUTIONNAIRE COMMUNISTES;SANCHEZ Antonio;0;0,00;0,00;26;ESPERANTO;ESPÉRANTO - LANGUE COMMUNE ÉQUITABLE POUR L'EUROPE;DIEUMEGARD Pierre;0;0,00;0,00;27;ÉVOLUTION CITOYENNE;ÉVOLUTION CITOYENNE;CHALENÇON Christophe;0;0,00;0,00;28;ALLIANCE JAUNE;ALLIANCE JAUNE, LA RÉVOLTE PAR LE VOTE;LALANNE Francis;2;0,26;0,65;29;UNION DROITE-CENTRE;UNION DE LA DROITE ET DU CENTRE;BELLAMY François-Xavier;35;4,57;11,44;30;EUROPE ÉCOLOGIE;EUROPE ÉCOLOGIE;JADOT Yannick;27;3,52;8,82;31;PARTI ANIMALISTE;PARTI ANIMALISTE;THOUY Hélène;7;0,91;2,29;32;LES OUBLIES DE L'EUROPE;LES OUBLIÉS DE L'EUROPE - ARTISANS, COMMERÇANTS, PROFESSIONS LIBÉRALES ET INDÉPENDANTS - ACPLI -;BIDOU Olivier;2;0,26;0,65;33;UDLEF;UDLEF (UNION DÉMOCRATIQUE POUR LA LIBERTÉ ÉGALITÉ FRATERNITÉ);PERSON Christian Luc;0;0,00;0,00;34;EUROPE AU SERVICE PEUPLES;UNE EUROPE AU SERVICE DES PEUPLES;AZERGUI Nagib;3;0,39;0,98
06;Alpes-Maritimes;083;Menton;0028;812;439;54,06;373;45,94;10;1,23;2,68;7;0,86;1,88;356;43,84;95,44;1;LA FRANCE INSOUMISE;LA FRANCE INSOUMISE;AUBRY Manon;19;2,34;5,34;2;UNE FRANCE ROYALE;UNE FRANCE ROYALE AU COEUR DE L'EUROPE;DE PREVOISIN Robert;0;0,00;0,00;3;LA LIGNE CLAIRE;LA LIGNE CLAIRE;CAMUS Renaud;0;0,00;0,00;4;PARTI PIRATE;PARTI PIRATE;MARIE Florie;0;0,00;0,00;5;RENAISSANCE;RENAISSANCE SOUTENUE PAR LA RÉPUBLIQUE EN MARCHE, LE MODEM ET SES PARTENAIRES;LOISEAU Nathalie;58;7,14;16,29;6;DÉMOCRATIE REPRÉSENTATIVE;DÉMOCRATIE REPRÉSENTATIVE;TRAORÉ Hamada;0;0,00;0,00;7;ENSEMBLE PATRIOTES;ENSEMBLE PATRIOTES ET GILETS JAUNES : POUR LA FRANCE, SORTONS DE L'UNION EUROPÉENNE !;PHILIPPOT Florian;4;0,49;1,12;8;PACE;PACE - PARTI DES CITOYENS EUROPÉENS;ALEXANDRE Audric;0;0,00;0,00;9;URGENCE ÉCOLOGIE;URGENCE ÉCOLOGIE;BOURG Dominique;8;0,99;2,25;10;LISTE DE LA RECONQUÊTE;LISTE DE LA RECONQUÊTE;VAUCLIN Vincent;0;0,00;0,00;11;LES EUROPÉENS;LES EUROPÉENS;LAGARDE Jean-Christophe;5;0,62;1,40;12;ENVIE D'EUROPE;ENVIE D'EUROPE ÉCOLOGIQUE ET SOCIALE;GLUCKSMANN Raphaël;11;1,35;3,09;13;PARTI FED. EUROPÉEN;PARTI FÉDÉRALISTE EUROPÉEN - POUR UNE EUROPE QUI PROTÈGE SES CITOYENS;GERNIGON Yves;0;0,00;0,00;14;INITIATIVE CITOYENNE;MOUVEMENT POUR L'INITIATIVE CITOYENNE;HELGEN Gilles;0;0,00;0,00;15;DEBOUT LA FRANCE;LE COURAGE DE DÉFENDRE LES FRANÇAIS AVEC NICOLAS DUPONT-AIGNAN. DEBOUT LA FRANCE ! - CNIP;DUPONT-AIGNAN Nicolas;13;1,60;3,65;16;ALLONS ENFANTS;ALLONS ENFANTS;CAILLAUD Sophie;0;0,00;0,00;17;DÉCROISSANCE 2019;DÉCROISSANCE 2019;DELFEL Thérèse;0;0,00;0,00;18;LUTTE OUVRIÈRE;LUTTE OUVRIÈRE - CONTRE LE GRAND CAPITAL, LE CAMP DES TRAVAILLEURS;ARTHAUD Nathalie;1;0,12;0,28;19;POUR L'EUROPE DES GENS;POUR L'EUROPE DES GENS CONTRE L'EUROPE DE L'ARGENT;BROSSAT Ian;7;0,86;1,97;20;ENSEMBLE POUR LE FREXIT;ENSEMBLE POUR LE FREXIT;ASSELINEAU François;13;1,60;3,65;21;LISTE CITOYENNE;LISTE CITOYENNE DU PRINTEMPS EUROPÉEN AVEC BENOÎT HAMON SOUTENUE PAR GÉNÉRATION.S ET DÈME-DIEM 25;HAMON Benoît;7;0,86;1,97;22;À VOIX ÉGALES;À VOIX ÉGALES;TOMASINI Nathalie;0;0,00;0,00;23;PRENEZ LE POUVOIR;PRENEZ LE POUVOIR, LISTE SOUTENUE PAR MARINE LE PEN;BARDELLA Jordan;139;17,12;39,04;24;NEUTRE ET ACTIF;NEUTRE ET ACTIF;CORBET Cathy Denise Ginette;0;0,00;0,00;25;RÉVOLUTIONNAIRE;PARTI RÉVOLUTIONNAIRE COMMUNISTES;SANCHEZ Antonio;0;0,00;0,00;26;ESPERANTO;ESPÉRANTO - LANGUE COMMUNE ÉQUITABLE POUR L'EUROPE;DIEUMEGARD Pierre;0;0,00;0,00;27;ÉVOLUTION CITOYENNE;ÉVOLUTION CITOYENNE;CHALENÇON Christophe;0;0,00;0,00;28;ALLIANCE JAUNE;ALLIANCE JAUNE, LA RÉVOLTE PAR LE VOTE;LALANNE Francis;0;0,00;0,00;29;UNION DROITE-CENTRE;UNION DE LA DROITE ET DU CENTRE;BELLAMY François-Xavier;21;2,59;5,90;30;EUROPE ÉCOLOGIE;EUROPE ÉCOLOGIE;JADOT Yannick;30;3,69;8,43;31;PARTI ANIMALISTE;PARTI ANIMALISTE;THOUY Hélène;17;2,09;4,78;32;LES OUBLIES DE L'EUROPE;LES OUBLIÉS DE L'EUROPE - ARTISANS, COMMERÇANTS, PROFESSIONS LIBÉRALES ET INDÉPENDANTS - ACPLI -;BIDOU Olivier;3;0,37;0,84;33;UDLEF;UDLEF (UNION DÉMOCRATIQUE POUR LA LIBERTÉ ÉGALITÉ FRATERNITÉ);PERSON Christian Luc;0;0,00;0,00;34;EUROPE AU SERVICE PEUPLES;UNE EUROPE AU SERVICE DES PEUPLES;AZERGUI Nagib;0;0,00;0,00
